./img/img_train/000113_3.jpg,3
./img/img_train/000011_1.jpg,4
./img/img_train/000385.jpg,3
./img/img_train/000120_1.jpg,5
./img/img_train/000090.jpg,4
./img/img_train/003032.jpg,2
./img/img_train/000037.jpg,3
./img/img_train/000153_3.jpg,4
./img/img_train/000421.jpg,3
./img/img_train/000191_2.jpg,4
./img/img_train/000045_3.jpg,3
./img/img_train/000071_2.jpg,4
./img/img_train/000102.jpg,3
./img/img_train/000107_1.jpg,4
./img/img_train/000087.jpg,4
./img/img_train/000136_1.jpg,2
./img/img_train/000029_3.jpg,4
./img/img_train/000100.jpg,4
./img/img_train/000110_2.jpg,3
./img/img_train/000099_2.jpg,3
./img/img_train/000167_3.jpg,2
./img/img_train/000363.jpg,3
./img/img_train/000375.jpg,3
./img/img_train/000227.jpg,5
./img/img_train/000410.jpg,3
./img/img_train/000364.jpg,3
./img/img_train/000008.jpg,4
./img/img_train/000122.jpg,5
./img/img_train/000127_1.jpg,7
./img/img_train/000175_3.jpg,3
./img/img_train/003016.jpg,2
./img/img_train/003023.jpg,2
./img/img_train/000127.jpg,7
./img/img_train/000106_1.jpg,3
./img/img_train/000118_3.jpg,3
./img/img_train/000015_1.jpg,3
./img/img_train/000033_3.jpg,5
./img/img_train/000168.jpg,3
./img/img_train/000097_3.jpg,5
./img/img_train/000059_2.jpg,3
./img/img_train/000028_3.jpg,3
./img/img_train/000151_1.jpg,2
./img/img_train/000323.jpg,3
./img/img_train/000399.jpg,3
./img/img_train/000032_2.jpg,6
./img/img_train/000085.jpg,4
./img/img_train/000104.jpg,3
./img/img_train/000032.jpg,6
./img/img_train/000174_1.jpg,4
./img/img_train/000338.jpg,3
./img/img_train/000138_3.jpg,6
./img/img_train/000060_1.jpg,5
./img/img_train/000201_1.jpg,3
./img/img_train/000121_1.jpg,3
./img/img_train/000091_3.jpg,4
./img/img_train/000023_1.jpg,5
./img/img_train/000034_2.jpg,4
./img/img_train/000016.jpg,3
./img/img_train/000378.jpg,4
./img/img_train/000140_1.jpg,3
./img/img_train/000152_1.jpg,4
./img/img_train/000096_2.jpg,4
./img/img_train/000104_3.jpg,3
./img/img_train/000147.jpg,3
./img/img_train/000387.jpg,2
./img/img_train/000078_2.jpg,3
./img/img_train/000173.jpg,3
./img/img_train/000208.jpg,2
./img/img_train/000130_3.jpg,3
./img/img_train/000088_2.jpg,3
./img/img_train/000154_3.jpg,5
./img/img_train/000072.jpg,5
./img/img_train/000079.jpg,4
./img/img_train/000145_2.jpg,4
./img/img_train/000192_3.jpg,2
./img/img_train/003022.jpg,2
./img/img_train/000190_2.jpg,3
./img/img_train/000110_3.jpg,3
./img/img_train/000346.jpg,4
./img/img_train/000074_3.jpg,4
./img/img_train/000066_3.jpg,5
./img/img_train/000075_1.jpg,5
./img/img_train/000051_1.jpg,7
./img/img_train/000396.jpg,4
./img/img_train/000425.jpg,4
./img/img_train/000063.jpg,4
./img/img_train/000440.jpg,4
./img/img_train/000111.jpg,3
./img/img_train/000141_2.jpg,3
./img/img_train/000129_2.jpg,4
./img/img_train/000282.jpg,4
./img/img_train/000087_3.jpg,4
./img/img_train/000114_2.jpg,2
./img/img_train/000362.jpg,3
./img/img_train/000018_2.jpg,5
./img/img_train/003029.jpg,2
./img/img_train/000149_1.jpg,2
./img/img_train/000255.jpg,3
./img/img_train/000013_1.jpg,4
./img/img_train/000158_2.jpg,4
./img/img_train/000062_2.jpg,4
./img/img_train/000115_3.jpg,3
./img/img_train/000025_3.jpg,4
./img/img_train/003012.jpg,2
./img/img_train/000404.jpg,3
./img/img_train/000084_1.jpg,5
./img/img_train/000216.jpg,4
./img/img_train/000127_3.jpg,7
./img/img_train/000312.jpg,2
./img/img_train/003021.jpg,2
./img/img_train/000038_1.jpg,5
./img/img_train/000277.jpg,1
./img/img_train/000247.jpg,3
./img/img_train/000110_1.jpg,3
./img/img_train/000100_2.jpg,4
./img/img_train/000374.jpg,2
./img/img_train/000178_2.jpg,4
./img/img_train/000062_1.jpg,4
./img/img_train/000122_1.jpg,5
./img/img_train/000116_2.jpg,4
./img/img_train/003034.jpg,2
./img/img_train/000035_1.jpg,4
./img/img_train/000183_3.jpg,3
./img/img_train/000035_2.jpg,4
./img/img_train/000113_2.jpg,3
./img/img_train/000165_2.jpg,3
./img/img_train/000148.jpg,3
./img/img_train/000330.jpg,6
./img/img_train/000193_3.jpg,4
./img/img_train/000238.jpg,3
./img/img_train/000159_1.jpg,4
./img/img_train/000067_1.jpg,5
./img/img_train/003017.jpg,2
./img/img_train/000271.jpg,4
./img/img_train/000347.jpg,3
./img/img_train/000188_1.jpg,5
./img/img_train/000010_1.jpg,4
./img/img_train/003015.jpg,2
./img/img_train/000443.jpg,3
./img/img_train/000095_2.jpg,4
./img/img_train/000083_2.jpg,4
./img/img_train/000033_1.jpg,5
./img/img_train/000019_1.jpg,3
./img/img_train/000415.jpg,2
./img/img_train/000099_3.jpg,3
./img/img_train/000057_3.jpg,3
./img/img_train/000150_2.jpg,3
./img/img_train/000218.jpg,3
./img/img_train/000162_2.jpg,3
./img/img_train/000195_3.jpg,4
./img/img_train/000066_1.jpg,5
./img/img_train/000148_1.jpg,3
./img/img_train/000185_3.jpg,3
./img/img_train/000418.jpg,4
./img/img_train/000117_1.jpg,3
./img/img_train/000340.jpg,5
./img/img_train/000129_3.jpg,4
./img/img_train/000005.jpg,3
./img/img_train/000361.jpg,2
./img/img_train/003020.jpg,2
./img/img_train/000090_1.jpg,4
./img/img_train/000092_2.jpg,4
./img/img_train/000024_1.jpg,4
./img/img_train/000118_1.jpg,3
./img/img_train/000058_3.jpg,3
./img/img_train/000001_3.jpg,3
./img/img_train/000134_3.jpg,4
./img/img_train/000031.jpg,5
./img/img_train/000119_2.jpg,5
./img/img_train/000007.jpg,4
./img/img_train/000131_3.jpg,4
./img/img_train/000192_2.jpg,2
./img/img_train/000205.jpg,3
./img/img_train/000393.jpg,4
./img/img_train/000089.jpg,4
./img/img_train/000041_2.jpg,5
./img/img_train/000436.jpg,3
./img/img_train/000111_3.jpg,3
./img/img_train/000365.jpg,2
./img/img_train/000103.jpg,2
./img/img_train/000147_2.jpg,3
./img/img_train/000149.jpg,2
./img/img_train/000254.jpg,3
./img/img_train/000188.jpg,5
./img/img_train/000174.jpg,4
./img/img_train/000230.jpg,4
./img/img_train/000081_3.jpg,4
./img/img_train/000360.jpg,3
./img/img_train/000056_1.jpg,4
./img/img_train/000019_2.jpg,3
./img/img_train/000265.jpg,5
./img/img_train/000155.jpg,3
./img/img_train/000002_1.jpg,4
./img/img_train/000394.jpg,3
./img/img_train/000049_2.jpg,5
./img/img_train/000009_2.jpg,5
./img/img_train/000420.jpg,4
./img/img_train/000260.jpg,2
./img/img_train/000408.jpg,4
./img/img_train/000136.jpg,2
./img/img_train/000074_1.jpg,4
./img/img_train/000133_2.jpg,3
./img/img_train/000114_3.jpg,2
./img/img_train/000105_1.jpg,2
./img/img_train/000003.jpg,3
./img/img_train/000023_2.jpg,5
./img/img_train/000166_1.jpg,3
./img/img_train/000052_1.jpg,6
./img/img_train/000395.jpg,3
./img/img_train/000080.jpg,3
./img/img_train/000195_1.jpg,4
./img/img_train/000306.jpg,5
./img/img_train/000015.jpg,3
./img/img_train/000345.jpg,3
./img/img_train/000326.jpg,3
./img/img_train/000036_1.jpg,4
./img/img_train/000213.jpg,6
./img/img_train/000175.jpg,3
./img/img_train/000171_2.jpg,4
./img/img_train/000069_2.jpg,4
./img/img_train/000148_2.jpg,3
./img/img_train/000424.jpg,4
./img/img_train/000186.jpg,3
./img/img_train/000004.jpg,4
./img/img_train/000006.jpg,4
./img/img_train/000039_2.jpg,3
./img/img_train/000098.jpg,4
./img/img_train/000154_1.jpg,5
./img/img_train/000059_3.jpg,3
./img/img_train/000065_2.jpg,3
./img/img_train/000021_2.jpg,6
./img/img_train/000065_1.jpg,3
./img/img_train/000194_3.jpg,3
./img/img_train/000130_2.jpg,3
./img/img_train/000001_1.jpg,3
./img/img_train/000064.jpg,4
./img/img_train/000056_3.jpg,4
./img/img_train/000078_1.jpg,3
./img/img_train/000315.jpg,3
./img/img_train/000320.jpg,4
./img/img_train/000122_3.jpg,5
./img/img_train/000022_3.jpg,5
./img/img_train/000089_2.jpg,4
./img/img_train/000011_2.jpg,4
./img/img_train/000012_3.jpg,4
./img/img_train/000188_2.jpg,5
./img/img_train/000042_2.jpg,4
./img/img_train/000285.jpg,3
./img/img_train/000190.jpg,3
./img/img_train/000014_2.jpg,2
./img/img_train/000108_3.jpg,3
./img/img_train/000303.jpg,3
./img/img_train/000018_1.jpg,5
./img/img_train/000120_3.jpg,5
./img/img_train/000088_3.jpg,3
./img/img_train/000126_3.jpg,3
./img/img_train/000111_2.jpg,3
./img/img_train/000108.jpg,3
./img/img_train/000211.jpg,2
./img/img_train/000102_1.jpg,3
./img/img_train/000121_2.jpg,3
./img/img_train/003024.jpg,2
./img/img_train/000215.jpg,5
./img/img_train/000198_2.jpg,3
./img/img_train/000078_3.jpg,3
./img/img_train/000403.jpg,3
./img/img_train/000073.jpg,4
./img/img_train/000197_3.jpg,3
./img/img_train/000157_2.jpg,2
./img/img_train/000117.jpg,3
./img/img_train/000161_2.jpg,3
./img/img_train/000214.jpg,4
./img/img_train/000052.jpg,6
./img/img_train/000034.jpg,4
./img/img_train/000313.jpg,5
./img/img_train/000198_3.jpg,3
./img/img_train/000153_2.jpg,4
./img/img_train/000435.jpg,3
./img/img_train/000176_1.jpg,4
./img/img_train/000134_2.jpg,4
./img/img_train/000080_3.jpg,3
./img/img_train/000186_3.jpg,3
./img/img_train/000367.jpg,4
./img/img_train/000009_3.jpg,5
./img/img_train/000072_1.jpg,5
./img/img_train/000135.jpg,3
./img/img_train/000380.jpg,3
./img/img_train/000198_1.jpg,3
./img/img_train/000129_1.jpg,4
./img/img_train/000123.jpg,4
./img/img_train/000004_1.jpg,4
./img/img_train/000397.jpg,3
./img/img_train/000148_3.jpg,3
./img/img_train/000192.jpg,2
./img/img_train/000263.jpg,3
./img/img_train/000144_1.jpg,5
./img/img_train/000071_3.jpg,4
./img/img_train/000056_2.jpg,4
./img/img_train/000017_3.jpg,3
./img/img_train/000088.jpg,3
./img/img_train/000157_3.jpg,2
./img/img_train/000280.jpg,3
./img/img_train/000036.jpg,4
./img/img_train/000173_3.jpg,3
./img/img_train/000030.jpg,5
./img/img_train/000051.jpg,7
./img/img_train/000139_3.jpg,3
./img/img_train/000036_3.jpg,4
./img/img_train/003004.jpg,2
./img/img_train/000118.jpg,3
./img/img_train/000179.jpg,3
./img/img_train/000137.jpg,4
./img/img_train/000196_3.jpg,4
./img/img_train/000008_3.jpg,4
./img/img_train/000167_2.jpg,2
./img/img_train/000279.jpg,3
./img/img_train/000009.jpg,5
./img/img_train/000099.jpg,3
./img/img_train/000390.jpg,5
./img/img_train/000444.jpg,5
./img/img_train/000033_2.jpg,5
./img/img_train/000042.jpg,4
./img/img_train/000054.jpg,4
./img/img_train/000217.jpg,4
./img/img_train/000308.jpg,3
./img/img_train/000317.jpg,3
./img/img_train/000005_1.jpg,3
./img/img_train/000109_2.jpg,5
./img/img_train/000191_3.jpg,4
./img/img_train/000187.jpg,4
./img/img_train/000151_3.jpg,2
./img/img_train/000070.jpg,5
./img/img_train/000253.jpg,4
./img/img_train/000056.jpg,4
./img/img_train/000015_2.jpg,3
./img/img_train/000272.jpg,3
./img/img_train/000007_1.jpg,4
./img/img_train/000167_1.jpg,2
./img/img_train/000079_1.jpg,4
./img/img_train/000103_3.jpg,2
./img/img_train/000296.jpg,4
./img/img_train/000029_2.jpg,4
./img/img_train/003013.jpg,2
./img/img_train/000170_1.jpg,3
./img/img_train/000085_3.jpg,4
./img/img_train/000041_3.jpg,5
./img/img_train/000026_2.jpg,3
./img/img_train/000086_2.jpg,3
./img/img_train/000024_3.jpg,4
./img/img_train/000043_3.jpg,4
./img/img_train/000031_1.jpg,5
./img/img_train/000182.jpg,4
./img/img_train/000120.jpg,5
./img/img_train/000026_3.jpg,3
./img/img_train/000035_3.jpg,4
./img/img_train/000200_3.jpg,3
./img/img_train/000019_3.jpg,3
./img/img_train/000357.jpg,4
./img/img_train/000371.jpg,3
./img/img_train/000085_1.jpg,4
./img/img_train/000159.jpg,4
./img/img_train/000389.jpg,4
./img/img_train/000370.jpg,4
./img/img_train/000183_1.jpg,3
./img/img_train/000091.jpg,4
./img/img_train/000028_1.jpg,3
./img/img_train/000097_2.jpg,5
./img/img_train/000081.jpg,4
./img/img_train/000075.jpg,5
./img/img_train/000163.jpg,3
./img/img_train/000158_1.jpg,4
./img/img_train/000359.jpg,4
./img/img_train/000144.jpg,5
./img/img_train/000101.jpg,3
./img/img_train/000194.jpg,3
./img/img_train/000102_3.jpg,3
./img/img_train/000126_2.jpg,3
./img/img_train/000332.jpg,3
./img/img_train/000281.jpg,4
./img/img_train/000171.jpg,4
./img/img_train/000065.jpg,3
./img/img_train/000007_2.jpg,4
./img/img_train/000193_1.jpg,4
./img/img_train/000089_3.jpg,4
./img/img_train/000131_2.jpg,4
./img/img_train/000245.jpg,4
./img/img_train/000159_3.jpg,4
./img/img_train/000062_3.jpg,4
./img/img_train/000032_3.jpg,6
./img/img_train/000093.jpg,3
./img/img_train/000004_2.jpg,4
./img/img_train/000004_3.jpg,4
./img/img_train/000083.jpg,4
./img/img_train/000202.jpg,5
./img/img_train/003035.jpg,2
./img/img_train/000248.jpg,5
./img/img_train/000006_2.jpg,4
./img/img_train/000160_3.jpg,4
./img/img_train/000082.jpg,4
./img/img_train/000434.jpg,3
./img/img_train/000087_2.jpg,4
./img/img_train/000109.jpg,5
./img/img_train/000027.jpg,3
./img/img_train/000134.jpg,4
./img/img_train/000310.jpg,6
./img/img_train/000173_1.jpg,3
./img/img_train/000181_2.jpg,3
./img/img_train/000067.jpg,5
./img/img_train/000005_3.jpg,3
./img/img_train/000163_1.jpg,3
./img/img_train/000091_2.jpg,4
./img/img_train/000045.jpg,3
./img/img_train/000064_3.jpg,4
./img/img_train/000162_1.jpg,3
./img/img_train/000042_1.jpg,4
./img/img_train/003018.jpg,2
./img/img_train/000086.jpg,3
./img/img_train/000061_1.jpg,3
./img/img_train/000138_1.jpg,6
./img/img_train/000054_1.jpg,4
./img/img_train/000243.jpg,3
./img/img_train/000021.jpg,6
./img/img_train/000138.jpg,6
./img/img_train/000086_3.jpg,3
./img/img_train/000170.jpg,3
./img/img_train/000242.jpg,2
./img/img_train/000112_3.jpg,3
./img/img_train/000329.jpg,4
./img/img_train/000029.jpg,4
./img/img_train/000129.jpg,4
./img/img_train/000037_2.jpg,3
./img/img_train/000018_3.jpg,5
./img/img_train/000203.jpg,4
./img/img_train/000249.jpg,4
./img/img_train/000119_1.jpg,5
./img/img_train/000147_3.jpg,3
./img/img_train/000105.jpg,2
./img/img_train/000159_2.jpg,4
./img/img_train/000053.jpg,5
./img/img_train/000353.jpg,3
./img/img_train/000154.jpg,5
./img/img_train/000039.jpg,3
./img/img_train/000093_3.jpg,3
./img/img_train/000231.jpg,4
./img/img_train/000059_1.jpg,3
./img/img_train/003014.jpg,2
./img/img_train/000111_1.jpg,3
./img/img_train/000083_3.jpg,4
./img/img_train/000168_1.jpg,3
./img/img_train/000076.jpg,3
./img/img_train/000250.jpg,4
./img/img_train/000164_1.jpg,4
./img/img_train/000103_2.jpg,2
./img/img_train/000220.jpg,2
./img/img_train/000190_3.jpg,3
./img/img_train/000442.jpg,3
./img/img_train/000391.jpg,3
./img/img_train/000022_1.jpg,5
./img/img_train/000207.jpg,3
./img/img_train/000412.jpg,2
./img/img_train/000137_1.jpg,4
./img/img_train/000295.jpg,5
./img/img_train/000299.jpg,5
./img/img_train/000028.jpg,3
./img/img_train/000405.jpg,3
./img/img_train/000026_1.jpg,3
./img/img_train/000119.jpg,5
./img/img_train/000110.jpg,3
./img/img_train/000169_1.jpg,2
./img/img_train/000172_1.jpg,4
./img/img_train/000046.jpg,4
./img/img_train/000194_1.jpg,3
./img/img_train/000197.jpg,3
./img/img_train/000010.jpg,4
./img/img_train/000069.jpg,4
./img/img_train/000372.jpg,3
./img/img_train/000084_2.jpg,5
./img/img_train/000078.jpg,3
./img/img_train/000289.jpg,2
./img/img_train/000196_2.jpg,4
./img/img_train/000104_1.jpg,3
./img/img_train/000025_1.jpg,4
./img/img_train/000151_2.jpg,2
./img/img_train/000062.jpg,4
./img/img_train/000157.jpg,2
./img/img_train/000098_2.jpg,4
./img/img_train/000228.jpg,4
./img/img_train/000383.jpg,6
./img/img_train/000092.jpg,4
./img/img_train/000014_3.jpg,2
./img/img_train/000014_1.jpg,2
./img/img_train/000327.jpg,3
./img/img_train/000047_1.jpg,4
./img/img_train/000048_1.jpg,4
./img/img_train/000049_1.jpg,5
./img/img_train/000040.jpg,3
./img/img_train/000043_1.jpg,4
./img/img_train/000239.jpg,3
./img/img_train/000430.jpg,3
./img/img_train/000017.jpg,3
./img/img_train/000007_3.jpg,4
./img/img_train/000034_1.jpg,4
./img/img_train/000145_3.jpg,4
./img/img_train/000232.jpg,4
./img/img_train/000382.jpg,3
./img/img_train/000290.jpg,3
./img/img_train/000037_1.jpg,3
./img/img_train/000314.jpg,4
./img/img_train/000221.jpg,5
./img/img_train/003025.jpg,2
./img/img_train/000033.jpg,5
./img/img_train/000381.jpg,4
./img/img_train/000133.jpg,3
./img/img_train/000017_1.jpg,3
./img/img_train/000058.jpg,3
./img/img_train/000187_1.jpg,4
./img/img_train/000152_3.jpg,4
./img/img_train/000348.jpg,4
./img/img_train/000234.jpg,6
./img/img_train/000160_2.jpg,4
./img/img_train/000219.jpg,3
./img/img_train/000015_3.jpg,3
./img/img_train/000257.jpg,3
./img/img_train/000401.jpg,3
./img/img_train/000081_2.jpg,4
./img/img_train/000023_3.jpg,5
./img/img_train/000080_2.jpg,3
./img/img_train/000044_1.jpg,3
./img/img_train/000044_3.jpg,3
./img/img_train/003010.jpg,2
./img/img_train/000117_2.jpg,3
./img/img_train/000319.jpg,3
./img/img_train/003011.jpg,2
./img/img_train/000027_2.jpg,3
./img/img_train/000154_2.jpg,5
./img/img_train/000079_3.jpg,4
./img/img_train/000275.jpg,3
./img/img_train/000146_3.jpg,3
./img/img_train/000200.jpg,3
./img/img_train/000178.jpg,4
./img/img_train/000067_2.jpg,5
./img/img_train/000032_1.jpg,6
./img/img_train/000120_2.jpg,5
./img/img_train/000094.jpg,6
./img/img_train/000193_2.jpg,4
./img/img_train/000162_3.jpg,3
./img/img_train/000100_1.jpg,4
./img/img_train/000096_1.jpg,4
./img/img_train/000132_3.jpg,3
./img/img_train/000210.jpg,4
./img/img_train/000301.jpg,4
./img/img_train/000117_3.jpg,3
./img/img_train/000115_2.jpg,3
./img/img_train/000002_2.jpg,4
./img/img_train/000201.jpg,3
./img/img_train/000042_3.jpg,4
./img/img_train/000145_1.jpg,4
./img/img_train/000038_2.jpg,5
./img/img_train/000108_1.jpg,3
./img/img_train/000034_3.jpg,4
./img/img_train/000171_1.jpg,4
./img/img_train/000125_1.jpg,6
./img/img_train/000124_3.jpg,3
./img/img_train/000193.jpg,4
./img/img_train/000209.jpg,5
./img/img_train/000022_2.jpg,5
./img/img_train/000181.jpg,3
./img/img_train/000187_3.jpg,4
./img/img_train/000392.jpg,2
./img/img_train/000076_2.jpg,3
./img/img_train/000087_1.jpg,4
./img/img_train/000003_1.jpg,3
./img/img_train/000124_1.jpg,3
./img/img_train/000284.jpg,5
./img/img_train/000141_3.jpg,3
./img/img_train/000139_1.jpg,3
./img/img_train/000016_1.jpg,3
./img/img_train/000053_2.jpg,5
./img/img_train/000166_3.jpg,3
./img/img_train/000041.jpg,5
./img/img_train/000096.jpg,4
./img/img_train/000077_3.jpg,3
./img/img_train/003003.jpg,2
./img/img_train/000024_2.jpg,4
./img/img_train/000114_1.jpg,2
./img/img_train/000167.jpg,2
./img/img_train/000184_2.jpg,5
./img/img_train/000350.jpg,3
./img/img_train/000162.jpg,3
./img/img_train/000189_3.jpg,2
./img/img_train/000074_2.jpg,4
./img/img_train/000176_2.jpg,4
./img/img_train/000368.jpg,3
./img/img_train/000311.jpg,5
./img/img_train/000328.jpg,3
./img/img_train/000181_3.jpg,3
./img/img_train/000261.jpg,3
./img/img_train/000406.jpg,2
./img/img_train/000045_2.jpg,3
./img/img_train/000428.jpg,3
./img/img_train/000160_1.jpg,4
./img/img_train/000164.jpg,4
./img/img_train/000126_1.jpg,3
./img/img_train/000173_2.jpg,3
./img/img_train/003030.jpg,2
./img/img_train/000287.jpg,3
./img/img_train/000139_2.jpg,3
./img/img_train/000071.jpg,4
./img/img_train/000097.jpg,5
./img/img_train/000373.jpg,3
./img/img_train/000061.jpg,3
./img/img_train/000036_2.jpg,4
./img/img_train/000011_3.jpg,4
./img/img_train/000184.jpg,5
./img/img_train/000297.jpg,3
./img/img_train/000431.jpg,4
./img/img_train/000174_3.jpg,4
./img/img_train/000144_2.jpg,5
./img/img_train/000030_2.jpg,5
./img/img_train/000143_1.jpg,4
./img/img_train/000077.jpg,3
./img/img_train/000121_3.jpg,3
./img/img_train/000377.jpg,4
./img/img_train/000419.jpg,4
./img/img_train/000013_3.jpg,4
./img/img_train/000198.jpg,3
./img/img_train/000085_2.jpg,4
./img/img_train/000080_1.jpg,3
./img/img_train/000143_2.jpg,4
./img/img_train/000044_2.jpg,3
./img/img_train/000108_2.jpg,3
./img/img_train/000151.jpg,2
./img/img_train/000169_3.jpg,2
./img/img_train/000161.jpg,3
./img/img_train/000088_1.jpg,3
./img/img_train/000142_2.jpg,3
./img/img_train/000177_1.jpg,2
./img/img_train/000339.jpg,4
./img/img_train/000047_2.jpg,4
./img/img_train/000318.jpg,4
./img/img_train/000369.jpg,3
./img/img_train/000292.jpg,3
./img/img_train/000229.jpg,5
./img/img_train/000063_1.jpg,4
./img/img_train/000422.jpg,2
./img/img_train/000251.jpg,3
./img/img_train/000094_1.jpg,6
./img/img_train/000121.jpg,3
./img/img_train/000101_2.jpg,3
./img/img_train/000161_1.jpg,3
./img/img_train/000180.jpg,4
./img/img_train/000152.jpg,4
./img/img_train/000104_2.jpg,3
./img/img_train/000055_1.jpg,4
./img/img_train/003005.jpg,2
./img/img_train/000012.jpg,4
./img/img_train/000116_1.jpg,4
./img/img_train/000132_1.jpg,3
./img/img_train/000006_3.jpg,4
./img/img_train/000020.jpg,5
./img/img_train/000061_3.jpg,3
./img/img_train/000158.jpg,4
./img/img_train/000146.jpg,3
./img/img_train/000185_1.jpg,3
./img/img_train/000060_3.jpg,5
./img/img_train/000050_3.jpg,4
./img/img_train/000071_1.jpg,4
./img/img_train/000180_2.jpg,4
./img/img_train/000003_3.jpg,3
./img/img_train/000288.jpg,4
./img/img_train/000184_1.jpg,5
./img/img_train/000172_3.jpg,4
./img/img_train/000083_1.jpg,4
./img/img_train/000074.jpg,4
./img/img_train/000386.jpg,5
./img/img_train/000112_1.jpg,3
./img/img_train/000106.jpg,3
./img/img_train/000298.jpg,4
./img/img_train/000019.jpg,3
./img/img_train/000070_3.jpg,5
./img/img_train/003019.jpg,2
./img/img_train/000060.jpg,5
./img/img_train/000045_1.jpg,3
./img/img_train/000142_1.jpg,3
./img/img_train/000116.jpg,4
./img/img_train/000182_3.jpg,4
./img/img_train/000336.jpg,2
./img/img_train/000197_1.jpg,3
./img/img_train/000038.jpg,5
./img/img_train/000344.jpg,4
./img/img_train/000316.jpg,5
./img/img_train/000168_2.jpg,3
./img/img_train/000240.jpg,3
./img/img_train/000107.jpg,4
./img/img_train/000050.jpg,4
./img/img_train/000093_1.jpg,3
./img/img_train/000194_2.jpg,3
./img/img_train/000090_2.jpg,4
./img/img_train/000225.jpg,3
./img/img_train/000133_1.jpg,3
./img/img_train/000105_3.jpg,2
./img/img_train/000009_1.jpg,5
./img/img_train/000169_2.jpg,2
./img/img_train/000043_2.jpg,4
./img/img_train/000106_3.jpg,3
./img/img_train/000057.jpg,3
./img/img_train/000172.jpg,4
./img/img_train/000013.jpg,4
./img/img_train/000174_2.jpg,4
./img/img_train/000101_3.jpg,3
./img/img_train/000176_3.jpg,4
./img/img_train/000166.jpg,3
./img/img_train/000049.jpg,5
./img/img_train/000236.jpg,3
./img/img_train/000414.jpg,4
./img/img_train/000294.jpg,3
./img/img_train/000012_1.jpg,4
./img/img_train/000046_3.jpg,4
./img/img_train/000165.jpg,3
./img/img_train/000082_3.jpg,4
./img/img_train/000115.jpg,3
./img/img_train/000067_3.jpg,5
./img/img_train/000125.jpg,6
./img/img_train/000082_2.jpg,4
./img/img_train/000379.jpg,2
./img/img_train/000063_2.jpg,4
./img/img_train/000098_3.jpg,4
./img/img_train/000057_1.jpg,3
./img/img_train/000325.jpg,3
./img/img_train/003028.jpg,2
./img/img_train/000413.jpg,5
./img/img_train/000177_2.jpg,2
./img/img_train/000095.jpg,4
./img/img_train/000188_3.jpg,5
./img/img_train/000130_1.jpg,3
./img/img_train/000047.jpg,4
./img/img_train/000197_2.jpg,3
./img/img_train/000201_3.jpg,3
./img/img_train/000109_1.jpg,5
./img/img_train/000040_1.jpg,3
./img/img_train/000116_3.jpg,4
./img/img_train/000163_2.jpg,3
./img/img_train/000010_3.jpg,4
./img/img_train/000358.jpg,5
./img/img_train/000388.jpg,3
./img/img_train/000057_2.jpg,3
./img/img_train/003006.jpg,2
./img/img_train/003033.jpg,2
./img/img_train/000411.jpg,3
./img/img_train/000068_1.jpg,7
./img/img_train/000052_3.jpg,6
./img/img_train/003001.jpg,2
./img/img_train/000095_3.jpg,4
./img/img_train/000135_3.jpg,3
./img/img_train/000191_1.jpg,4
./img/img_train/000343.jpg,4
./img/img_train/000153_1.jpg,4
./img/img_train/000093_2.jpg,3
./img/img_train/000155_2.jpg,3
./img/img_train/000149_3.jpg,2
./img/img_train/000438.jpg,4
./img/img_train/000113.jpg,3
./img/img_train/000095_1.jpg,4
./img/img_train/000001.jpg,3
./img/img_train/000073_2.jpg,4
./img/img_train/000089_1.jpg,4
./img/img_train/000030_1.jpg,5
./img/img_train/000178_3.jpg,4
./img/img_train/000140_3.jpg,3
./img/img_train/000150.jpg,3
./img/img_train/000125_2.jpg,6
./img/img_train/000047_3.jpg,4
./img/img_train/000161_3.jpg,3
./img/img_train/000046_1.jpg,4
./img/img_train/000186_1.jpg,3
./img/img_train/000113_1.jpg,3
./img/img_train/000072_2.jpg,5
./img/img_train/000179_2.jpg,3
./img/img_train/000175_1.jpg,3
./img/img_train/000180_1.jpg,4
./img/img_train/000164_2.jpg,4
./img/img_train/000076_3.jpg,3
./img/img_train/000126.jpg,3
./img/img_train/000258.jpg,3
./img/img_train/000139.jpg,3
./img/img_train/000134_1.jpg,4
./img/img_train/000407.jpg,3
./img/img_train/000256.jpg,3
./img/img_train/000196_1.jpg,4
./img/img_train/000135_2.jpg,3
./img/img_train/000124.jpg,3
./img/img_train/000028_2.jpg,3
./img/img_train/000044.jpg,3
./img/img_train/000252.jpg,5
./img/img_train/000076_1.jpg,3
./img/img_train/000168_3.jpg,3
./img/img_train/000084.jpg,5
./img/img_train/000065_3.jpg,3
./img/img_train/000156_3.jpg,3
./img/img_train/000128_3.jpg,4
./img/img_train/000039_1.jpg,3
./img/img_train/000176.jpg,4
./img/img_train/000180_3.jpg,4
./img/img_train/000324.jpg,4
./img/img_train/000145.jpg,4
./img/img_train/000426.jpg,3
./img/img_train/000002.jpg,4
./img/img_train/000072_3.jpg,5
./img/img_train/000204.jpg,3
./img/img_train/000235.jpg,3
./img/img_train/000264.jpg,6
./img/img_train/000012_2.jpg,4
./img/img_train/000190_1.jpg,3
./img/img_train/000017_2.jpg,3
./img/img_train/000146_2.jpg,3
./img/img_train/000269.jpg,3
./img/img_train/000149_2.jpg,2
./img/img_train/000101_1.jpg,3
./img/img_train/000008_2.jpg,4
./img/img_train/000150_3.jpg,3
./img/img_train/000355.jpg,3
./img/img_train/000158_3.jpg,4
./img/img_train/000038_3.jpg,5
./img/img_train/000128_1.jpg,4
./img/img_train/000366.jpg,2
./img/img_train/000160.jpg,4
./img/img_train/000106_2.jpg,3
./img/img_train/000073_3.jpg,4
./img/img_train/000300.jpg,3
./img/img_train/000166_2.jpg,3
./img/img_train/000043.jpg,4
./img/img_train/000031_2.jpg,5
./img/img_train/000114.jpg,2
./img/img_train/000040_3.jpg,3
./img/img_train/000073_1.jpg,4
./img/img_train/000098_1.jpg,4
./img/img_train/000046_2.jpg,4
./img/img_train/000222.jpg,4
./img/img_train/000119_3.jpg,5
./img/img_train/000039_3.jpg,3
./img/img_train/000068.jpg,7
./img/img_train/000092_1.jpg,4
./img/img_train/000031_3.jpg,5
./img/img_train/000048_2.jpg,4
./img/img_train/000283.jpg,3
./img/img_train/000027_1.jpg,3
./img/img_train/000409.jpg,4
./img/img_train/000090_3.jpg,4
./img/img_train/003000.jpg,2
./img/img_train/000423.jpg,3
./img/img_train/000020_3.jpg,5
./img/img_train/000224.jpg,6
./img/img_train/000246.jpg,3
./img/img_train/000049_3.jpg,5
./img/img_train/000201_2.jpg,3
./img/img_train/000092_3.jpg,4
./img/img_train/000237.jpg,7
./img/img_train/000189.jpg,2
./img/img_train/000177.jpg,2
./img/img_train/000123_1.jpg,4
./img/img_train/000016_3.jpg,3
./img/img_train/000175_2.jpg,3
./img/img_train/000291.jpg,4
./img/img_train/003026.jpg,2
./img/img_train/000200_1.jpg,3
./img/img_train/000094_2.jpg,6
./img/img_train/000079_2.jpg,4
./img/img_train/000136_3.jpg,2
./img/img_train/000094_3.jpg,6
./img/img_train/000212.jpg,3
./img/img_train/000178_1.jpg,4
./img/img_train/000131.jpg,4
./img/img_train/000069_1.jpg,4
./img/img_train/000003_2.jpg,3
./img/img_train/000189_2.jpg,2
./img/img_train/000184_3.jpg,5
./img/img_train/000020_1.jpg,5
./img/img_train/000075_2.jpg,5
./img/img_train/000270.jpg,3
./img/img_train/000192_1.jpg,2
./img/img_train/000091_1.jpg,4
./img/img_train/000066_2.jpg,5
./img/img_train/000123_3.jpg,4
./img/img_train/000020_2.jpg,5
./img/img_train/000335.jpg,3
./img/img_train/000182_2.jpg,4
./img/img_train/000181_1.jpg,3
./img/img_train/000115_1.jpg,3
./img/img_train/000191.jpg,4
./img/img_train/000107_3.jpg,4
./img/img_train/000050_2.jpg,4
./img/img_train/000309.jpg,3
./img/img_train/000048.jpg,4
./img/img_train/000026.jpg,3
./img/img_train/000052_2.jpg,6
./img/img_train/000429.jpg,3
./img/img_train/000109_3.jpg,5
./img/img_train/000096_3.jpg,4
./img/img_train/000050_1.jpg,4
./img/img_train/000132.jpg,3
./img/img_train/003007.jpg,2
./img/img_train/000118_2.jpg,3
./img/img_train/000334.jpg,3
./img/img_train/000267.jpg,3
./img/img_train/000068_3.jpg,7
./img/img_train/000137_2.jpg,4
./img/img_train/000142.jpg,3
./img/img_train/000356.jpg,3
./img/img_train/000156_1.jpg,3
./img/img_train/000008_1.jpg,4
./img/img_train/000123_2.jpg,4
./img/img_train/000165_3.jpg,3
./img/img_train/000064_2.jpg,4
./img/img_train/000304.jpg,3
./img/img_train/000182_1.jpg,4
./img/img_train/000058_1.jpg,3
./img/img_train/000136_2.jpg,2
./img/img_train/000156.jpg,3
./img/img_train/000337.jpg,3
./img/img_train/000099_1.jpg,3
./img/img_train/000070_2.jpg,5
./img/img_train/000241.jpg,3
./img/img_train/000097_1.jpg,5
./img/img_train/000417.jpg,5
./img/img_train/000103_1.jpg,2
./img/img_train/000125_3.jpg,6
./img/img_train/000016_2.jpg,3
./img/img_train/000402.jpg,5
./img/img_train/000018.jpg,5
./img/img_train/000014.jpg,2
./img/img_train/000023.jpg,5
./img/img_train/000170_2.jpg,3
./img/img_train/000268.jpg,3
./img/img_train/000432.jpg,3
./img/img_train/000189_1.jpg,2
./img/img_train/000276.jpg,5
./img/img_train/003009.jpg,2
./img/img_train/000171_3.jpg,4
./img/img_train/000002_3.jpg,4
./img/img_train/000022.jpg,5
./img/img_train/000140_2.jpg,3
./img/img_train/000005_2.jpg,3
./img/img_train/000132_2.jpg,3
./img/img_train/000051_2.jpg,7
./img/img_train/000131_1.jpg,4
./img/img_train/000143_3.jpg,4
./img/img_train/000244.jpg,4
./img/img_train/000233.jpg,3
./img/img_train/000416.jpg,3
./img/img_train/000054_3.jpg,4
./img/img_train/000021_3.jpg,6
./img/img_train/003027.jpg,2
./img/img_train/000069_3.jpg,4
./img/img_train/000048_3.jpg,4
./img/img_train/000195.jpg,4
./img/img_train/000321.jpg,3
./img/img_train/000186_2.jpg,3
./img/img_train/000433.jpg,4
./img/img_train/000200_2.jpg,3
./img/img_train/000307.jpg,5
./img/img_train/000137_3.jpg,4
./img/img_train/000150_1.jpg,3
./img/img_train/000185_2.jpg,3
./img/img_train/000152_2.jpg,4
./img/img_train/000262.jpg,3
./img/img_train/000054_2.jpg,4
./img/img_train/000169.jpg,2
./img/img_train/000164_3.jpg,4
./img/img_train/000086_1.jpg,3
./img/img_train/000351.jpg,3
./img/img_train/000179_3.jpg,3
./img/img_train/003031.jpg,2
./img/img_train/000055.jpg,4
./img/img_train/000027_3.jpg,3
./img/img_train/000142_3.jpg,3
./img/img_train/003008.jpg,2
./img/img_train/000053_1.jpg,5
./img/img_train/000068_2.jpg,7
./img/img_train/000063_3.jpg,4
./img/img_train/000055_2.jpg,4
./img/img_train/000266.jpg,3
./img/img_train/000305.jpg,3
./img/img_train/000140.jpg,3
./img/img_train/000398.jpg,3
./img/img_train/000107_2.jpg,4
./img/img_train/000400.jpg,3
./img/img_train/000127_2.jpg,7
./img/img_train/000223.jpg,3
./img/img_train/000030_3.jpg,5
./img/img_train/000059.jpg,3
./img/img_train/000195_2.jpg,4
./img/img_train/000128_2.jpg,4
./img/img_train/000100_3.jpg,4
./img/img_train/000051_3.jpg,7
./img/img_train/000013_2.jpg,4
./img/img_train/000185.jpg,3
./img/img_train/000040_2.jpg,3
./img/img_train/000286.jpg,4
./img/img_train/000354.jpg,4
./img/img_train/000153.jpg,4
./img/img_train/000141.jpg,3
./img/img_train/000384.jpg,2
./img/img_train/000021_1.jpg,6
./img/img_train/000155_3.jpg,3
./img/img_train/000081_1.jpg,4
./img/img_train/000029_1.jpg,4
./img/img_train/000112_2.jpg,3
./img/img_train/000133_3.jpg,3
./img/img_train/000349.jpg,3
./img/img_train/000055_3.jpg,4
./img/img_train/000439.jpg,3
./img/img_train/000157_1.jpg,2
./img/img_train/000061_2.jpg,3
./img/img_train/000441.jpg,3
./img/img_train/000183.jpg,3
./img/img_train/000144_3.jpg,5
./img/img_train/000037_3.jpg,3
./img/img_train/000025.jpg,4
./img/img_train/000077_1.jpg,3
./img/img_train/000141_1.jpg,3
./img/img_train/000077_2.jpg,3
./img/img_train/000025_2.jpg,4
./img/img_train/000082_1.jpg,4
./img/img_train/000259.jpg,3
./img/img_train/000010_2.jpg,4
./img/img_train/000070_1.jpg,5
./img/img_train/000341.jpg,4
./img/img_train/000138_2.jpg,6
./img/img_train/000124_2.jpg,3
./img/img_train/000024.jpg,4
./img/img_train/000274.jpg,3
./img/img_train/000135_1.jpg,3
./img/img_train/003002.jpg,2
./img/img_train/000156_2.jpg,3
./img/img_train/000058_2.jpg,3
./img/img_train/000053_3.jpg,5
./img/img_train/000273.jpg,3
./img/img_train/000130.jpg,3
./img/img_train/000011.jpg,4
./img/img_train/000427.jpg,3
./img/img_train/000147_1.jpg,3
./img/img_train/000196.jpg,4
./img/img_train/000352.jpg,2
./img/img_train/000331.jpg,3
./img/img_train/000102_2.jpg,3
./img/img_train/000155_1.jpg,3
./img/img_train/000084_3.jpg,5
./img/img_train/000105_2.jpg,2
./img/img_train/000075_3.jpg,5
./img/img_train/000342.jpg,3
./img/img_train/000179_1.jpg,3
./img/img_train/000437.jpg,4
./img/img_train/000128.jpg,4
./img/img_train/000066.jpg,5
./img/img_train/000226.jpg,4
./img/img_train/000302.jpg,3
./img/img_train/000122_2.jpg,5
./img/img_train/000035.jpg,4
./img/img_train/000183_2.jpg,3
./img/img_train/000170_3.jpg,3
./img/img_train/000146_1.jpg,3
./img/img_train/000187_2.jpg,4
./img/img_train/000376.jpg,3
./img/img_train/000172_2.jpg,4
./img/img_train/000006_1.jpg,4
./img/img_train/000206.jpg,4
./img/img_train/000060_2.jpg,5
./img/img_train/000278.jpg,3
./img/img_train/000001_2.jpg,3
./img/img_train/000177_3.jpg,2
./img/img_train/000112.jpg,3
./img/img_train/000163_3.jpg,3
./img/img_train/000143.jpg,4
./img/img_train/000064_1.jpg,4
./img/img_train/000165_1.jpg,3
./img/img_train/000333.jpg,3
./img/img_train/000322.jpg,3
./img/img_train/000041_1.jpg,5
