./img/img_train/000001.jpg,2
./img/img_train/000001_1.jpg,2
./img/img_train/000001_3.jpg,2
./img/img_train/000001_3.jpg,2
./img/img_train/000002.jpg,3
./img/img_train/000002_1.jpg,3
./img/img_train/000002_2.jpg,3
./img/img_train/000002_3.jpg,3
./img/img_train/000003.jpg,2
./img/img_train/000003_1.jpg,2
./img/img_train/000003_2.jpg,2
./img/img_train/000003_3.jpg,2
./img/img_train/000004.jpg,3
./img/img_train/000004_1.jpg,3
./img/img_train/000004_2.jpg,3
./img/img_train/000004_3.jpg,3
./img/img_train/000005.jpg,2
./img/img_train/000005_1.jpg,2
./img/img_train/000005_2.jpg,2
./img/img_train/000005_3.jpg,2
./img/img_train/000006.jpg,3
./img/img_train/000006_1.jpg,3
./img/img_train/000006_2.jpg,3
./img/img_train/000006_3.jpg,3
./img/img_train/000007.jpg,3
./img/img_train/000007_1.jpg,3
./img/img_train/000007_2.jpg,3
./img/img_train/000007_3.jpg,3
./img/img_train/000008.jpg,3
./img/img_train/000008_1.jpg,3
./img/img_train/000008_2.jpg,3
./img/img_train/000008_3.jpg,3
./img/img_train/000009.jpg,4
./img/img_train/000009_1.jpg,4
./img/img_train/000009_2.jpg,4
./img/img_train/000009_3.jpg,4
./img/img_train/000010.jpg,3
./img/img_train/000010_1.jpg,3
./img/img_train/000010_2.jpg,3
./img/img_train/000010_3.jpg,3
./img/img_train/000011.jpg,3
./img/img_train/000011_1.jpg,3
./img/img_train/000011_2.jpg,3
./img/img_train/000011_3.jpg,3
./img/img_train/000012.jpg,3
./img/img_train/000012_1.jpg,3
./img/img_train/000012_2.jpg,3
./img/img_train/000012_3.jpg,3
./img/img_train/000013.jpg,3
./img/img_train/000013_1.jpg,3
./img/img_train/000013_2.jpg,3
./img/img_train/000013_3.jpg,3
./img/img_train/000014.jpg,1
./img/img_train/000014_1.jpg,1
./img/img_train/000014_2.jpg,1
./img/img_train/000014_3.jpg,1
./img/img_train/000015.jpg,2
./img/img_train/000015_1.jpg,2
./img/img_train/000015_2.jpg,2
./img/img_train/000015_3.jpg,2
./img/img_train/000016.jpg,2
./img/img_train/000016_1.jpg,2
./img/img_train/000016_2.jpg,2
./img/img_train/000016_3.jpg,2
./img/img_train/000017.jpg,2
./img/img_train/000017_1.jpg,2
./img/img_train/000017_2.jpg,2
./img/img_train/000017_3.jpg,2
./img/img_train/000018.jpg,4
./img/img_train/000018_1.jpg,4
./img/img_train/000018_2.jpg,4
./img/img_train/000018_3.jpg,4
./img/img_train/000019.jpg,2
./img/img_train/000019_1.jpg,2
./img/img_train/000019_2.jpg,2
./img/img_train/000019_3.jpg,2
./img/img_train/000020.jpg,4
./img/img_train/000020_1.jpg,4
./img/img_train/000020_2.jpg,4
./img/img_train/000020_3.jpg,4
./img/img_train/000021.jpg,5
./img/img_train/000021_1.jpg,5
./img/img_train/000021_2.jpg,5
./img/img_train/000021_3.jpg,5
./img/img_train/000022.jpg,4
./img/img_train/000022_1.jpg,4
./img/img_train/000022_2.jpg,4
./img/img_train/000022_3.jpg,4
./img/img_train/000023.jpg,4
./img/img_train/000023_1.jpg,4
./img/img_train/000023_2.jpg,4
./img/img_train/000023_3.jpg,4
./img/img_train/000024.jpg,3
./img/img_train/000024_1.jpg,3
./img/img_train/000024_2.jpg,3
./img/img_train/000024_3.jpg,3
./img/img_train/000025.jpg,3
./img/img_train/000025_1.jpg,3
./img/img_train/000025_2.jpg,3
./img/img_train/000025_3.jpg,3
./img/img_train/000026.jpg,2
./img/img_train/000026_1.jpg,2
./img/img_train/000026_2.jpg,2
./img/img_train/000026_3.jpg,2
./img/img_train/000027.jpg,2
./img/img_train/000027_1.jpg,2
./img/img_train/000027_2.jpg,2
./img/img_train/000027_3.jpg,2
./img/img_train/000028.jpg,2
./img/img_train/000028_1.jpg,2
./img/img_train/000028_2.jpg,2
./img/img_train/000028_3.jpg,2
./img/img_train/000029.jpg,3
./img/img_train/000029_1.jpg,3
./img/img_train/000029_2.jpg,3
./img/img_train/000029_3.jpg,3
./img/img_train/000030.jpg,4
./img/img_train/000030_1.jpg,4
./img/img_train/000030_2.jpg,4
./img/img_train/000030_3.jpg,4
./img/img_train/000031.jpg,4
./img/img_train/000031_1.jpg,4
./img/img_train/000031_2.jpg,4
./img/img_train/000031_3.jpg,4
./img/img_train/000032.jpg,5
./img/img_train/000032_1.jpg,5
./img/img_train/000032_2.jpg,5
./img/img_train/000032_3.jpg,5
./img/img_train/000033.jpg,4
./img/img_train/000033_1.jpg,4
./img/img_train/000033_2.jpg,4
./img/img_train/000033_3.jpg,4
./img/img_train/000034.jpg,3
./img/img_train/000034_1.jpg,3
./img/img_train/000034_2.jpg,3
./img/img_train/000034_3.jpg,3
./img/img_train/000035.jpg,3
./img/img_train/000035_1.jpg,3
./img/img_train/000035_2.jpg,3
./img/img_train/000035_3.jpg,3
./img/img_train/000036.jpg,3
./img/img_train/000036_1.jpg,3
./img/img_train/000036_2.jpg,3
./img/img_train/000036_3.jpg,3
./img/img_train/000037.jpg,2
./img/img_train/000037_1.jpg,2
./img/img_train/000037_2.jpg,2
./img/img_train/000037_3.jpg,2
./img/img_train/000038.jpg,4
./img/img_train/000038_1.jpg,4
./img/img_train/000038_2.jpg,4
./img/img_train/000038_3.jpg,4
./img/img_train/000039.jpg,2
./img/img_train/000039_1.jpg,2
./img/img_train/000039_2.jpg,2
./img/img_train/000039_3.jpg,2
./img/img_train/000040.jpg,2
./img/img_train/000040_1.jpg,2
./img/img_train/000040_2.jpg,2
./img/img_train/000040_3.jpg,2
./img/img_train/000041.jpg,4
./img/img_train/000041_1.jpg,4
./img/img_train/000041_2.jpg,4
./img/img_train/000041_3.jpg,4
./img/img_train/000042.jpg,3
./img/img_train/000042_1.jpg,3
./img/img_train/000042_2.jpg,3
./img/img_train/000042_3.jpg,3
./img/img_train/000043.jpg,3
./img/img_train/000043_1.jpg,3
./img/img_train/000043_2.jpg,3
./img/img_train/000043_3.jpg,3
./img/img_train/000044.jpg,2
./img/img_train/000044_1.jpg,2
./img/img_train/000044_2.jpg,2
./img/img_train/000044_3.jpg,2
./img/img_train/000045.jpg,2
./img/img_train/000045_1.jpg,2
./img/img_train/000045_2.jpg,2
./img/img_train/000045_3.jpg,2
./img/img_train/000046.jpg,3
./img/img_train/000046_1.jpg,3
./img/img_train/000046_2.jpg,3
./img/img_train/000046_3.jpg,3
./img/img_train/000047.jpg,3
./img/img_train/000047_1.jpg,3
./img/img_train/000047_2.jpg,3
./img/img_train/000047_3.jpg,3
./img/img_train/000048.jpg,3
./img/img_train/000048_1.jpg,3
./img/img_train/000048_2.jpg,3
./img/img_train/000048_3.jpg,3
./img/img_train/000049.jpg,4
./img/img_train/000049_1.jpg,4
./img/img_train/000049_2.jpg,4
./img/img_train/000049_3.jpg,4
./img/img_train/000050.jpg,3
./img/img_train/000050_1.jpg,3
./img/img_train/000050_2.jpg,3
./img/img_train/000050_3.jpg,3
./img/img_train/000051.jpg,6
./img/img_train/000051_1.jpg,6
./img/img_train/000051_2.jpg,6
./img/img_train/000051_3.jpg,6
./img/img_train/000052.jpg,5
./img/img_train/000052_1.jpg,5
./img/img_train/000052_2.jpg,5
./img/img_train/000052_3.jpg,5
./img/img_train/000053.jpg,4
./img/img_train/000053_1.jpg,4
./img/img_train/000053_2.jpg,4
./img/img_train/000053_3.jpg,4
./img/img_train/000054.jpg,3
./img/img_train/000054_1.jpg,3
./img/img_train/000054_2.jpg,3
./img/img_train/000054_3.jpg,3
./img/img_train/000055.jpg,3
./img/img_train/000055_1.jpg,3
./img/img_train/000055_2.jpg,3
./img/img_train/000055_3.jpg,3
./img/img_train/000056.jpg,3
./img/img_train/000056_1.jpg,3
./img/img_train/000056_2.jpg,3
./img/img_train/000056_3.jpg,3
./img/img_train/000057.jpg,2
./img/img_train/000057_1.jpg,2
./img/img_train/000057_2.jpg,2
./img/img_train/000057_3.jpg,2
./img/img_train/000058.jpg,2
./img/img_train/000058_1.jpg,2
./img/img_train/000058_2.jpg,2
./img/img_train/000058_3.jpg,2
./img/img_train/000059.jpg,2
./img/img_train/000059_1.jpg,2
./img/img_train/000059_2.jpg,2
./img/img_train/000059_3.jpg,2
./img/img_train/000060.jpg,4
./img/img_train/000060_1.jpg,4
./img/img_train/000060_2.jpg,4
./img/img_train/000060_3.jpg,4
./img/img_train/000061.jpg,2
./img/img_train/000061_1.jpg,2
./img/img_train/000061_2.jpg,2
./img/img_train/000061_3.jpg,2
./img/img_train/000062.jpg,3
./img/img_train/000062_1.jpg,3
./img/img_train/000062_2.jpg,3
./img/img_train/000062_3.jpg,3
./img/img_train/000063.jpg,3
./img/img_train/000063_1.jpg,3
./img/img_train/000063_2.jpg,3
./img/img_train/000063_3.jpg,3
./img/img_train/000064.jpg,3
./img/img_train/000064_1.jpg,3
./img/img_train/000064_2.jpg,3
./img/img_train/000064_3.jpg,3
./img/img_train/000065.jpg,2
./img/img_train/000065_1.jpg,2
./img/img_train/000065_2.jpg,2
./img/img_train/000065_3.jpg,2
./img/img_train/000066.jpg,4
./img/img_train/000066_1.jpg,4
./img/img_train/000066_2.jpg,4
./img/img_train/000066_3.jpg,4
./img/img_train/000067.jpg,4
./img/img_train/000067_1.jpg,4
./img/img_train/000067_2.jpg,4
./img/img_train/000067_3.jpg,4
./img/img_train/000068.jpg,6
./img/img_train/000068_1.jpg,6
./img/img_train/000068_2.jpg,6
./img/img_train/000068_3.jpg,6
./img/img_train/000069.jpg,3
./img/img_train/000069_1.jpg,3
./img/img_train/000069_2.jpg,3
./img/img_train/000069_3.jpg,3
./img/img_train/000070.jpg,4
./img/img_train/000070_1.jpg,4
./img/img_train/000070_2.jpg,4
./img/img_train/000070_3.jpg,4
./img/img_train/000071.jpg,3
./img/img_train/000071_1.jpg,3
./img/img_train/000071_2.jpg,3
./img/img_train/000071_3.jpg,3
./img/img_train/000072.jpg,4
./img/img_train/000072_1.jpg,4
./img/img_train/000072_2.jpg,4
./img/img_train/000072_3.jpg,4
./img/img_train/000073.jpg,3
./img/img_train/000073_1.jpg,3
./img/img_train/000073_2.jpg,3
./img/img_train/000073_3.jpg,3
./img/img_train/000074.jpg,3
./img/img_train/000074_1.jpg,3
./img/img_train/000074_2.jpg,3
./img/img_train/000074_3.jpg,3
./img/img_train/000075.jpg,4
./img/img_train/000075_1.jpg,4
./img/img_train/000075_2.jpg,4
./img/img_train/000075_3.jpg,4
./img/img_train/000076.jpg,2
./img/img_train/000076_1.jpg,2
./img/img_train/000076_2.jpg,2
./img/img_train/000076_3.jpg,2
./img/img_train/000077.jpg,2
./img/img_train/000077_1.jpg,2
./img/img_train/000077_2.jpg,2
./img/img_train/000077_3.jpg,2
./img/img_train/000078.jpg,2
./img/img_train/000078_1.jpg,2
./img/img_train/000078_2.jpg,2
./img/img_train/000078_3.jpg,2
./img/img_train/000079.jpg,3
./img/img_train/000079_1.jpg,3
./img/img_train/000079_2.jpg,3
./img/img_train/000079_3.jpg,3
./img/img_train/000080.jpg,2
./img/img_train/000080_1.jpg,2
./img/img_train/000080_2.jpg,2
./img/img_train/000080_3.jpg,2
./img/img_train/000081.jpg,3
./img/img_train/000081_1.jpg,3
./img/img_train/000081_2.jpg,3
./img/img_train/000081_3.jpg,3
./img/img_train/000082.jpg,3
./img/img_train/000082_1.jpg,3
./img/img_train/000082_2.jpg,3
./img/img_train/000082_3.jpg,3
./img/img_train/000083.jpg,3
./img/img_train/000083_1.jpg,3
./img/img_train/000083_2.jpg,3
./img/img_train/000083_3.jpg,3
./img/img_train/000084.jpg,4
./img/img_train/000084_1.jpg,4
./img/img_train/000084_2.jpg,4
./img/img_train/000084_3.jpg,4
./img/img_train/000085.jpg,3
./img/img_train/000085_1.jpg,3
./img/img_train/000085_2.jpg,3
./img/img_train/000085_3.jpg,3
./img/img_train/000086.jpg,2
./img/img_train/000086_1.jpg,2
./img/img_train/000086_2.jpg,2
./img/img_train/000086_3.jpg,2
./img/img_train/000087.jpg,3
./img/img_train/000087_1.jpg,3
./img/img_train/000087_2.jpg,3
./img/img_train/000087_3.jpg,3
./img/img_train/000088.jpg,2
./img/img_train/000088_1.jpg,2
./img/img_train/000088_2.jpg,2
./img/img_train/000088_3.jpg,2
./img/img_train/000089.jpg,3
./img/img_train/000089_1.jpg,3
./img/img_train/000089_2.jpg,3
./img/img_train/000089_3.jpg,3
./img/img_train/000090.jpg,3
./img/img_train/000090_1.jpg,3
./img/img_train/000090_2.jpg,3
./img/img_train/000090_3.jpg,3
./img/img_train/000091.jpg,3
./img/img_train/000091_1.jpg,3
./img/img_train/000091_2.jpg,3
./img/img_train/000091_3.jpg,3
./img/img_train/000092.jpg,3
./img/img_train/000092_1.jpg,3
./img/img_train/000092_2.jpg,3
./img/img_train/000092_3.jpg,3
./img/img_train/000093.jpg,2
./img/img_train/000093_1.jpg,2
./img/img_train/000093_2.jpg,2
./img/img_train/000093_3.jpg,2
./img/img_train/000094.jpg,5
./img/img_train/000094_1.jpg,5
./img/img_train/000094_2.jpg,5
./img/img_train/000094_3.jpg,5
./img/img_train/000095.jpg,3
./img/img_train/000095_1.jpg,3
./img/img_train/000095_2.jpg,3
./img/img_train/000095_3.jpg,3
./img/img_train/000096.jpg,3
./img/img_train/000096_1.jpg,3
./img/img_train/000096_2.jpg,3
./img/img_train/000096_3.jpg,3
./img/img_train/000097.jpg,4
./img/img_train/000097_1.jpg,4
./img/img_train/000097_2.jpg,4
./img/img_train/000097_3.jpg,4
./img/img_train/000098.jpg,3
./img/img_train/000098_1.jpg,3
./img/img_train/000098_2.jpg,3
./img/img_train/000098_3.jpg,3
./img/img_train/000099.jpg,2
./img/img_train/000099_1.jpg,2
./img/img_train/000099_2.jpg,2
./img/img_train/000099_3.jpg,2
./img/img_train/000100.jpg,3
./img/img_train/000100_1.jpg,3
./img/img_train/000100_2.jpg,3
./img/img_train/000100_3.jpg,3
./img/img_train/000101.jpg,2
./img/img_train/000101_1.jpg,2
./img/img_train/000101_2.jpg,2
./img/img_train/000101_3.jpg,2
./img/img_train/000102.jpg,2
./img/img_train/000102_1.jpg,2
./img/img_train/000102_2.jpg,2
./img/img_train/000102_3.jpg,2
./img/img_train/000103.jpg,1
./img/img_train/000103_1.jpg,1
./img/img_train/000103_2.jpg,1
./img/img_train/000103_3.jpg,1
./img/img_train/000104.jpg,2
./img/img_train/000104_1.jpg,2
./img/img_train/000104_2.jpg,2
./img/img_train/000104_3.jpg,2
./img/img_train/000105.jpg,1
./img/img_train/000105_1.jpg,1
./img/img_train/000105_2.jpg,1
./img/img_train/000105_3.jpg,1
./img/img_train/000106.jpg,2
./img/img_train/000106_1.jpg,2
./img/img_train/000106_2.jpg,2
./img/img_train/000106_3.jpg,2
./img/img_train/000107.jpg,3
./img/img_train/000107_1.jpg,3
./img/img_train/000107_2.jpg,3
./img/img_train/000107_3.jpg,3
./img/img_train/000108.jpg,2
./img/img_train/000108_1.jpg,2
./img/img_train/000108_2.jpg,2
./img/img_train/000108_3.jpg,2
./img/img_train/000109.jpg,4
./img/img_train/000109_1.jpg,4
./img/img_train/000109_2.jpg,4
./img/img_train/000109_3.jpg,4
./img/img_train/000110.jpg,2
./img/img_train/000110_1.jpg,2
./img/img_train/000110_2.jpg,2
./img/img_train/000110_3.jpg,2
./img/img_train/000111.jpg,2
./img/img_train/000111_1.jpg,2
./img/img_train/000111_2.jpg,2
./img/img_train/000111_3.jpg,2
./img/img_train/000112.jpg,2
./img/img_train/000112_1.jpg,2
./img/img_train/000112_2.jpg,2
./img/img_train/000112_3.jpg,2
./img/img_train/000113.jpg,2
./img/img_train/000113_1.jpg,2
./img/img_train/000113_2.jpg,2
./img/img_train/000113_3.jpg,2
./img/img_train/000114.jpg,1
./img/img_train/000114_1.jpg,1
./img/img_train/000114_2.jpg,1
./img/img_train/000114_3.jpg,1
./img/img_train/000115.jpg,2
./img/img_train/000115_1.jpg,2
./img/img_train/000115_2.jpg,2
./img/img_train/000115_3.jpg,2
./img/img_train/000116.jpg,3
./img/img_train/000116_1.jpg,3
./img/img_train/000116_2.jpg,3
./img/img_train/000116_3.jpg,3
./img/img_train/000117.jpg,2
./img/img_train/000117_1.jpg,2
./img/img_train/000117_2.jpg,2
./img/img_train/000117_3.jpg,2
./img/img_train/000118.jpg,2
./img/img_train/000118_1.jpg,2
./img/img_train/000118_2.jpg,2
./img/img_train/000118_3.jpg,2
./img/img_train/000119.jpg,4
./img/img_train/000119_1.jpg,4
./img/img_train/000119_2.jpg,4
./img/img_train/000119_3.jpg,4
./img/img_train/000120.jpg,4
./img/img_train/000120_1.jpg,4
./img/img_train/000120_2.jpg,4
./img/img_train/000120_3.jpg,4
./img/img_train/000121.jpg,2
./img/img_train/000121_1.jpg,2
./img/img_train/000121_2.jpg,2
./img/img_train/000121_3.jpg,2
./img/img_train/000122.jpg,4
./img/img_train/000122_1.jpg,4
./img/img_train/000122_2.jpg,4
./img/img_train/000122_3.jpg,4
./img/img_train/000123.jpg,3
./img/img_train/000123_1.jpg,3
./img/img_train/000123_2.jpg,3
./img/img_train/000123_3.jpg,3
./img/img_train/000124.jpg,2
./img/img_train/000124_1.jpg,2
./img/img_train/000124_2.jpg,2
./img/img_train/000124_3.jpg,2
./img/img_train/000125.jpg,5
./img/img_train/000125_1.jpg,5
./img/img_train/000125_2.jpg,5
./img/img_train/000125_3.jpg,5
./img/img_train/000126.jpg,2
./img/img_train/000126_1.jpg,2
./img/img_train/000126_2.jpg,2
./img/img_train/000126_3.jpg,2
./img/img_train/000127.jpg,6
./img/img_train/000127_1.jpg,6
./img/img_train/000127_2.jpg,6
./img/img_train/000127_3.jpg,6
./img/img_train/000128.jpg,3
./img/img_train/000128_1.jpg,3
./img/img_train/000128_2.jpg,3
./img/img_train/000128_3.jpg,3
./img/img_train/000129.jpg,3
./img/img_train/000129_1.jpg,3
./img/img_train/000129_2.jpg,3
./img/img_train/000129_3.jpg,3
./img/img_train/000130.jpg,2
./img/img_train/000130_1.jpg,2
./img/img_train/000130_2.jpg,2
./img/img_train/000130_3.jpg,2
./img/img_train/000131.jpg,3
./img/img_train/000131_1.jpg,3
./img/img_train/000131_2.jpg,3
./img/img_train/000131_3.jpg,3
./img/img_train/000132.jpg,2
./img/img_train/000132_1.jpg,2
./img/img_train/000132_2.jpg,2
./img/img_train/000132_3.jpg,2
./img/img_train/000133.jpg,2
./img/img_train/000133_1.jpg,2
./img/img_train/000133_2.jpg,2
./img/img_train/000133_3.jpg,2
./img/img_train/000134.jpg,3
./img/img_train/000134_1.jpg,3
./img/img_train/000134_2.jpg,3
./img/img_train/000134_3.jpg,3
./img/img_train/000135.jpg,2
./img/img_train/000135_1.jpg,2
./img/img_train/000135_2.jpg,2
./img/img_train/000135_3.jpg,2
./img/img_train/000136.jpg,1
./img/img_train/000136_1.jpg,1
./img/img_train/000136_2.jpg,1
./img/img_train/000136_3.jpg,1
./img/img_train/000137.jpg,3
./img/img_train/000137_1.jpg,3
./img/img_train/000137_2.jpg,3
./img/img_train/000137_3.jpg,3
./img/img_train/000138.jpg,5
./img/img_train/000138_1.jpg,5
./img/img_train/000138_2.jpg,5
./img/img_train/000138_3.jpg,5
./img/img_train/000139.jpg,2
./img/img_train/000139_1.jpg,2
./img/img_train/000139_2.jpg,2
./img/img_train/000139_3.jpg,2
./img/img_train/000140.jpg,2
./img/img_train/000140_1.jpg,2
./img/img_train/000140_2.jpg,2
./img/img_train/000140_3.jpg,2
./img/img_train/000141.jpg,2
./img/img_train/000141_1.jpg,2
./img/img_train/000141_2.jpg,2
./img/img_train/000141_3.jpg,2
./img/img_train/000142.jpg,2
./img/img_train/000142_1.jpg,2
./img/img_train/000142_2.jpg,2
./img/img_train/000142_3.jpg,2
./img/img_train/000143.jpg,3
./img/img_train/000143_1.jpg,3
./img/img_train/000143_2.jpg,3
./img/img_train/000143_3.jpg,3
./img/img_train/000144.jpg,4
./img/img_train/000144_1.jpg,4
./img/img_train/000144_2.jpg,4
./img/img_train/000144_3.jpg,4
./img/img_train/000145.jpg,3
./img/img_train/000145_1.jpg,3
./img/img_train/000145_2.jpg,3
./img/img_train/000145_3.jpg,3
./img/img_train/000146.jpg,2
./img/img_train/000146_1.jpg,2
./img/img_train/000146_2.jpg,2
./img/img_train/000146_3.jpg,2
./img/img_train/000147.jpg,2
./img/img_train/000147_1.jpg,2
./img/img_train/000147_2.jpg,2
./img/img_train/000147_3.jpg,2
./img/img_train/000148.jpg,2
./img/img_train/000148_1.jpg,2
./img/img_train/000148_2.jpg,2
./img/img_train/000148_3.jpg,2
./img/img_train/000149.jpg,1
./img/img_train/000149_1.jpg,1
./img/img_train/000149_2.jpg,1
./img/img_train/000149_3.jpg,1
./img/img_train/000150.jpg,2
./img/img_train/000150_1.jpg,2
./img/img_train/000150_2.jpg,2
./img/img_train/000150_3.jpg,2
./img/img_train/000151.jpg,1
./img/img_train/000151_1.jpg,1
./img/img_train/000151_2.jpg,1
./img/img_train/000151_3.jpg,1
./img/img_train/000152.jpg,3
./img/img_train/000152_1.jpg,3
./img/img_train/000152_2.jpg,3
./img/img_train/000152_3.jpg,3
./img/img_train/000153.jpg,3
./img/img_train/000153_1.jpg,3
./img/img_train/000153_2.jpg,3
./img/img_train/000153_3.jpg,3
./img/img_train/000154.jpg,4
./img/img_train/000154_1.jpg,4
./img/img_train/000154_2.jpg,4
./img/img_train/000154_3.jpg,4
./img/img_train/000155.jpg,2
./img/img_train/000155_1.jpg,2
./img/img_train/000155_2.jpg,2
./img/img_train/000155_3.jpg,2
./img/img_train/000156.jpg,2
./img/img_train/000156_1.jpg,2
./img/img_train/000156_2.jpg,2
./img/img_train/000156_3.jpg,2
./img/img_train/000157.jpg,1
./img/img_train/000157_1.jpg,1
./img/img_train/000157_2.jpg,1
./img/img_train/000157_3.jpg,1
./img/img_train/000158.jpg,3
./img/img_train/000158_1.jpg,3
./img/img_train/000158_2.jpg,3
./img/img_train/000158_3.jpg,3
./img/img_train/000159.jpg,3
./img/img_train/000159_1.jpg,3
./img/img_train/000159_2.jpg,3
./img/img_train/000159_3.jpg,3
./img/img_train/000160.jpg,3
./img/img_train/000160_1.jpg,3
./img/img_train/000160_2.jpg,3
./img/img_train/000160_3.jpg,3
./img/img_train/000161.jpg,2
./img/img_train/000161_1.jpg,2
./img/img_train/000161_2.jpg,2
./img/img_train/000161_3.jpg,2
./img/img_train/000162.jpg,2
./img/img_train/000162_1.jpg,2
./img/img_train/000162_2.jpg,2
./img/img_train/000162_3.jpg,2
./img/img_train/000163.jpg,2
./img/img_train/000163_1.jpg,2
./img/img_train/000163_2.jpg,2
./img/img_train/000163_3.jpg,2
./img/img_train/000164.jpg,3
./img/img_train/000164_1.jpg,3
./img/img_train/000164_2.jpg,3
./img/img_train/000164_3.jpg,3
./img/img_train/000165.jpg,2
./img/img_train/000165_1.jpg,2
./img/img_train/000165_2.jpg,2
./img/img_train/000165_3.jpg,2
./img/img_train/000166.jpg,2
./img/img_train/000166_1.jpg,2
./img/img_train/000166_2.jpg,2
./img/img_train/000166_3.jpg,2
./img/img_train/000167.jpg,1
./img/img_train/000167_1.jpg,1
./img/img_train/000167_2.jpg,1
./img/img_train/000167_3.jpg,1
./img/img_train/000168.jpg,2
./img/img_train/000168_1.jpg,2
./img/img_train/000168_2.jpg,2
./img/img_train/000168_3.jpg,2
./img/img_train/000169.jpg,1
./img/img_train/000169_1.jpg,1
./img/img_train/000169_2.jpg,1
./img/img_train/000169_3.jpg,1
./img/img_train/000170.jpg,2
./img/img_train/000170_1.jpg,2
./img/img_train/000170_2.jpg,2
./img/img_train/000170_3.jpg,2
./img/img_train/000171.jpg,3
./img/img_train/000171_1.jpg,3
./img/img_train/000171_2.jpg,3
./img/img_train/000171_3.jpg,3
./img/img_train/000172.jpg,3
./img/img_train/000172_1.jpg,3
./img/img_train/000172_2.jpg,3
./img/img_train/000172_3.jpg,3
./img/img_train/000173.jpg,2
./img/img_train/000173_1.jpg,2
./img/img_train/000173_2.jpg,2
./img/img_train/000173_3.jpg,2
./img/img_train/000174.jpg,3
./img/img_train/000174_1.jpg,3
./img/img_train/000174_2.jpg,3
./img/img_train/000174_3.jpg,3
./img/img_train/000175.jpg,2
./img/img_train/000175_1.jpg,2
./img/img_train/000175_2.jpg,2
./img/img_train/000175_3.jpg,2
./img/img_train/000176.jpg,3
./img/img_train/000176_1.jpg,3
./img/img_train/000176_2.jpg,3
./img/img_train/000176_3.jpg,3
./img/img_train/000177.jpg,1
./img/img_train/000177_1.jpg,1
./img/img_train/000177_2.jpg,1
./img/img_train/000177_3.jpg,1
./img/img_train/000178.jpg,3
./img/img_train/000178_1.jpg,3
./img/img_train/000178_2.jpg,3
./img/img_train/000178_3.jpg,3
./img/img_train/000179.jpg,2
./img/img_train/000179_1.jpg,2
./img/img_train/000179_2.jpg,2
./img/img_train/000179_3.jpg,2
./img/img_train/000180.jpg,3
./img/img_train/000180_1.jpg,3
./img/img_train/000180_2.jpg,3
./img/img_train/000180_3.jpg,3
./img/img_train/000181.jpg,2
./img/img_train/000181_1.jpg,2
./img/img_train/000181_2.jpg,2
./img/img_train/000181_3.jpg,2
./img/img_train/000182.jpg,3
./img/img_train/000182_1.jpg,3
./img/img_train/000182_2.jpg,3
./img/img_train/000182_3.jpg,3
./img/img_train/000183.jpg,2
./img/img_train/000183_1.jpg,2
./img/img_train/000183_2.jpg,2
./img/img_train/000183_3.jpg,2
./img/img_train/000184.jpg,4
./img/img_train/000184_1.jpg,4
./img/img_train/000184_2.jpg,4
./img/img_train/000184_3.jpg,4
./img/img_train/000185.jpg,2
./img/img_train/000185_1.jpg,2
./img/img_train/000185_2.jpg,2
./img/img_train/000185_3.jpg,2
./img/img_train/000186.jpg,2
./img/img_train/000186_1.jpg,2
./img/img_train/000186_2.jpg,2
./img/img_train/000186_3.jpg,2
./img/img_train/000187.jpg,3
./img/img_train/000187_1.jpg,3
./img/img_train/000187_2.jpg,3
./img/img_train/000187_3.jpg,3
./img/img_train/000188.jpg,4
./img/img_train/000188_1.jpg,4
./img/img_train/000188_2.jpg,4
./img/img_train/000188_3.jpg,4
./img/img_train/000189.jpg,1
./img/img_train/000189_1.jpg,1
./img/img_train/000189_2.jpg,1
./img/img_train/000189_3.jpg,1
./img/img_train/000190.jpg,2
./img/img_train/000190_1.jpg,2
./img/img_train/000190_2.jpg,2
./img/img_train/000190_3.jpg,2
./img/img_train/000191.jpg,3
./img/img_train/000191_1.jpg,3
./img/img_train/000191_2.jpg,3
./img/img_train/000191_3.jpg,3
./img/img_train/000192.jpg,1
./img/img_train/000192_1.jpg,1
./img/img_train/000192_2.jpg,1
./img/img_train/000192_3.jpg,1
./img/img_train/000193.jpg,3
./img/img_train/000193_1.jpg,3
./img/img_train/000193_2.jpg,3
./img/img_train/000193_3.jpg,3
./img/img_train/000194.jpg,2
./img/img_train/000194_1.jpg,2
./img/img_train/000194_2.jpg,2
./img/img_train/000194_3.jpg,2
./img/img_train/000195.jpg,3
./img/img_train/000195_1.jpg,3
./img/img_train/000195_2.jpg,3
./img/img_train/000195_3.jpg,3
./img/img_train/000196.jpg,3
./img/img_train/000196_1.jpg,3
./img/img_train/000196_2.jpg,3
./img/img_train/000196_3.jpg,3
./img/img_train/000197.jpg,2
./img/img_train/000197_1.jpg,2
./img/img_train/000197_2.jpg,2
./img/img_train/000197_3.jpg,2
./img/img_train/000198.jpg,2
./img/img_train/000198_1.jpg,2
./img/img_train/000198_2.jpg,2
./img/img_train/000198_3.jpg,2
./img/img_train/000200.jpg,2
./img/img_train/000200_1.jpg,2
./img/img_train/000200_2.jpg,2
./img/img_train/000200_3.jpg,2
./img/img_train/000201.jpg,2
./img/img_train/000201_1.jpg,2
./img/img_train/000201_2.jpg,2
./img/img_train/000201_3.jpg,2
./img/img_train/000202.jpg,4
./img/img_train/000203.jpg,3
./img/img_train/000204.jpg,2
./img/img_train/000205.jpg,2
./img/img_train/000206.jpg,3
./img/img_train/000207.jpg,2
./img/img_train/000208.jpg,1
./img/img_train/000209.jpg,4
./img/img_train/000210.jpg,3
./img/img_train/000211.jpg,1
./img/img_train/000212.jpg,2
./img/img_train/000213.jpg,5
./img/img_train/000214.jpg,3
./img/img_train/000215.jpg,4
./img/img_train/000216.jpg,3
./img/img_train/000217.jpg,3
./img/img_train/000218.jpg,2
./img/img_train/000219.jpg,2
./img/img_train/000220.jpg,1
./img/img_train/000221.jpg,4
./img/img_train/000222.jpg,3
./img/img_train/000223.jpg,2
./img/img_train/000224.jpg,5
./img/img_train/000225.jpg,2
./img/img_train/000226.jpg,3
./img/img_train/000227.jpg,4
./img/img_train/000228.jpg,3
./img/img_train/000229.jpg,4
./img/img_train/000230.jpg,3
./img/img_train/000231.jpg,3
./img/img_train/000232.jpg,3
./img/img_train/000233.jpg,2
./img/img_train/000234.jpg,5
./img/img_train/000235.jpg,2
./img/img_train/000236.jpg,2
./img/img_train/000237.jpg,6
./img/img_train/000238.jpg,2
./img/img_train/000239.jpg,2
./img/img_train/000240.jpg,2
./img/img_train/000241.jpg,2
./img/img_train/000242.jpg,1
./img/img_train/000243.jpg,2
./img/img_train/000244.jpg,3
./img/img_train/000245.jpg,3
./img/img_train/000246.jpg,2
./img/img_train/000247.jpg,2
./img/img_train/000248.jpg,4
./img/img_train/000249.jpg,3
./img/img_train/000250.jpg,3
./img/img_train/000251.jpg,2
./img/img_train/000252.jpg,4
./img/img_train/000253.jpg,3
./img/img_train/000254.jpg,2
./img/img_train/000255.jpg,2
./img/img_train/000256.jpg,2
./img/img_train/000257.jpg,2
./img/img_train/000258.jpg,2
./img/img_train/000259.jpg,2
./img/img_train/000260.jpg,1
./img/img_train/000261.jpg,2
./img/img_train/000262.jpg,2
./img/img_train/000263.jpg,2
./img/img_train/000264.jpg,5
./img/img_train/000265.jpg,4
./img/img_train/000266.jpg,2
./img/img_train/000267.jpg,2
./img/img_train/000268.jpg,2
./img/img_train/000269.jpg,2
./img/img_train/000270.jpg,2
./img/img_train/000271.jpg,3
./img/img_train/000272.jpg,2
./img/img_train/000273.jpg,2
./img/img_train/000274.jpg,2
./img/img_train/000275.jpg,2
./img/img_train/000276.jpg,4
./img/img_train/000278.jpg,2
./img/img_train/000279.jpg,2
./img/img_train/000280.jpg,2
./img/img_train/000281.jpg,3
./img/img_train/000282.jpg,3
./img/img_train/000283.jpg,2
./img/img_train/000284.jpg,4
./img/img_train/000285.jpg,2
./img/img_train/000286.jpg,3
./img/img_train/000287.jpg,2
./img/img_train/000288.jpg,3
./img/img_train/000289.jpg,1
./img/img_train/000290.jpg,2
./img/img_train/000291.jpg,3
./img/img_train/000292.jpg,2
./img/img_train/000294.jpg,2
./img/img_train/000295.jpg,4
./img/img_train/000296.jpg,3
./img/img_train/000297.jpg,2
./img/img_train/000298.jpg,3
./img/img_train/000299.jpg,4
./img/img_train/000300.jpg,2
./img/img_train/000301.jpg,3
./img/img_train/000302.jpg,2
./img/img_train/000303.jpg,2
./img/img_train/000304.jpg,2
./img/img_train/000305.jpg,2
./img/img_train/000306.jpg,4
./img/img_train/000307.jpg,4
./img/img_train/000308.jpg,2
./img/img_train/000309.jpg,2
./img/img_train/000310.jpg,5
./img/img_train/000311.jpg,4
./img/img_train/000312.jpg,1
./img/img_train/000313.jpg,4
./img/img_train/000314.jpg,3
./img/img_train/000315.jpg,2
./img/img_train/000316.jpg,4
./img/img_train/000317.jpg,2
./img/img_train/000318.jpg,3
./img/img_train/000319.jpg,2
./img/img_train/000320.jpg,3
./img/img_train/000321.jpg,2
./img/img_train/000322.jpg,2
./img/img_train/000323.jpg,2
./img/img_train/000324.jpg,3
./img/img_train/000325.jpg,2
./img/img_train/000326.jpg,2
./img/img_train/000327.jpg,2
./img/img_train/000328.jpg,2
./img/img_train/000329.jpg,3
./img/img_train/000330.jpg,5
./img/img_train/000331.jpg,2
./img/img_train/000332.jpg,2
./img/img_train/000333.jpg,2
./img/img_train/000334.jpg,2
./img/img_train/000335.jpg,2
./img/img_train/000336.jpg,1
./img/img_train/000337.jpg,2
./img/img_train/000338.jpg,2
./img/img_train/000339.jpg,3
./img/img_train/000340.jpg,4
./img/img_train/000341.jpg,3
./img/img_train/000342.jpg,2
./img/img_train/000343.jpg,3
./img/img_train/000344.jpg,3
./img/img_train/000345.jpg,2
./img/img_train/000346.jpg,3
./img/img_train/000347.jpg,2
./img/img_train/000348.jpg,3
./img/img_train/000349.jpg,2
./img/img_train/000350.jpg,2
./img/img_train/000351.jpg,2
./img/img_train/000352.jpg,1
./img/img_train/000353.jpg,2
./img/img_train/000354.jpg,3
./img/img_train/000355.jpg,2
./img/img_train/000356.jpg,2
./img/img_train/000357.jpg,3
./img/img_train/000358.jpg,4
./img/img_train/000359.jpg,3
./img/img_train/000360.jpg,2
./img/img_train/000361.jpg,1
./img/img_train/000362.jpg,2
./img/img_train/000363.jpg,2
./img/img_train/000364.jpg,2
./img/img_train/000365.jpg,1
./img/img_train/000366.jpg,1
./img/img_train/000367.jpg,3
./img/img_train/000368.jpg,2
./img/img_train/000369.jpg,2
./img/img_train/000370.jpg,3
./img/img_train/000371.jpg,2
./img/img_train/000372.jpg,2
./img/img_train/000373.jpg,2
./img/img_train/000374.jpg,1
./img/img_train/000375.jpg,2
./img/img_train/000376.jpg,2
./img/img_train/000377.jpg,3
./img/img_train/000378.jpg,3
./img/img_train/000379.jpg,1
./img/img_train/000380.jpg,2
./img/img_train/000381.jpg,3
./img/img_train/000382.jpg,2
./img/img_train/000383.jpg,5
./img/img_train/000384.jpg,1
./img/img_train/000385.jpg,2
./img/img_train/000386.jpg,4
./img/img_train/000387.jpg,1
./img/img_train/000388.jpg,2
./img/img_train/000389.jpg,3
./img/img_train/000390.jpg,4
./img/img_train/000391.jpg,2
./img/img_train/000392.jpg,1
./img/img_train/000393.jpg,3
./img/img_train/000394.jpg,2
./img/img_train/000395.jpg,2
./img/img_train/000396.jpg,3
./img/img_train/000397.jpg,2
./img/img_train/000398.jpg,2
./img/img_train/000399.jpg,2
./img/img_train/000400.jpg,2
./img/img_train/000401.jpg,2
./img/img_train/000402.jpg,4
./img/img_train/000403.jpg,2
./img/img_train/000404.jpg,2
./img/img_train/000405.jpg,2
./img/img_train/000406.jpg,1
./img/img_train/000407.jpg,2
./img/img_train/000408.jpg,3
./img/img_train/000409.jpg,3
./img/img_train/000410.jpg,2
./img/img_train/000411.jpg,2
./img/img_train/000412.jpg,1
./img/img_train/000413.jpg,4
./img/img_train/000414.jpg,3
./img/img_train/000415.jpg,1
./img/img_train/000416.jpg,2
./img/img_train/000417.jpg,4
./img/img_train/000418.jpg,3
./img/img_train/000419.jpg,3
./img/img_train/000420.jpg,3
./img/img_train/000421.jpg,2
./img/img_train/000422.jpg,1
./img/img_train/000423.jpg,2
./img/img_train/000424.jpg,3
./img/img_train/000425.jpg,3
./img/img_train/000426.jpg,2
./img/img_train/000427.jpg,2
./img/img_train/000428.jpg,2
./img/img_train/000429.jpg,2
./img/img_train/000430.jpg,2
./img/img_train/000431.jpg,3
./img/img_train/000432.jpg,2
./img/img_train/000433.jpg,3
./img/img_train/000434.jpg,2
./img/img_train/000435.jpg,2
./img/img_train/000436.jpg,2
./img/img_train/000437.jpg,3
./img/img_train/000438.jpg,3
./img/img_train/000439.jpg,2
./img/img_train/000440.jpg,3
./img/img_train/000441.jpg,2
./img/img_train/000442.jpg,2
./img/img_train/000443.jpg,2
./img/img_train/000444.jpg,4
./img/img_train/003000.jpg,1
./img/img_train/003001.jpg,1
./img/img_train/003002.jpg,1
./img/img_train/003003.jpg,1
./img/img_train/003004.jpg,1
./img/img_train/003005.jpg,1
./img/img_train/003006.jpg,1
./img/img_train/003007.jpg,1
./img/img_train/003008.jpg,1
./img/img_train/003009.jpg,1
./img/img_train/003010.jpg,1
./img/img_train/003011.jpg,1
./img/img_train/003012.jpg,1
./img/img_train/003013.jpg,1
./img/img_train/003014.jpg,1
./img/img_train/003015.jpg,1
./img/img_train/003016.jpg,1
./img/img_train/003017.jpg,1
./img/img_train/003018.jpg,1
./img/img_train/003019.jpg,1
./img/img_train/003020.jpg,1
./img/img_train/003021.jpg,1
./img/img_train/003022.jpg,1
./img/img_train/003023.jpg,1
./img/img_train/003024.jpg,1
./img/img_train/003025.jpg,1
./img/img_train/003026.jpg,1
./img/img_train/003027.jpg,1
./img/img_train/003028.jpg,1
./img/img_train/003029.jpg,1
./img/img_train/003030.jpg,1
./img/img_train/003031.jpg,1
./img/img_train/003032.jpg,1
./img/img_train/003033.jpg,1
./img/img_train/003034.jpg,1
./img/img_train/003035.jpg,1
./img/img_train/60408.jpg,1
./img/img_train/0001.jpg,0
./img/img_train/0002.jpg,0
./img/img_train/0003.jpg,0
./img/img_train/0004.jpg,0
./img/img_train/0005.jpg,0
./img/img_train/0006.jpg,0
./img/img_train/0007.jpg,0
./img/img_train/0008.jpg,0
./img/img_train/0009.jpg,0
./img/img_train/0010.jpg,0
./img/img_train/0011.jpg,0
./img/img_train/0012.jpg,0
./img/img_train/0013.jpg,0
./img/img_train/0014.jpg,0
./img/img_train/0015.jpg,0
./img/img_train/0016.jpg,0
./img/img_train/0017.jpg,0
./img/img_train/0018.jpg,0
./img/img_train/0019.jpg,0
./img/img_train/0020.jpg,0
./img/img_train/0021.jpg,0
./img/img_train/0022.jpg,0
./img/img_train/0023.jpg,0
./img/img_train/0024.jpg,0
./img/img_train/0025.jpg,0
./img/img_train/0026.jpg,0
./img/img_train/0027.jpg,0
./img/img_train/0028.jpg,0
./img/img_train/0029.jpg,0
./img/img_train/0030.jpg,0
./img/img_train/0031.jpg,0
./img/img_train/0032.jpg,0
./img/img_train/0033.jpg,0
./img/img_train/0034.jpg,0
./img/img_train/0035.jpg,0
./img/img_train/0036.jpg,0
./img/img_train/0037.jpg,0
./img/img_train/0038.jpg,0
./img/img_train/0039.jpg,0
./img/img_train/0040.jpg,0
./img/img_train/0041.jpg,0
./img/img_train/0042.jpg,0
./img/img_train/0043.jpg,0
./img/img_train/0044.jpg,0
./img/img_train/0045.jpg,0
./img/img_train/0046.jpg,0
./img/img_train/0047.jpg,0
./img/img_train/0048.jpg,0
./img/img_train/0049.jpg,0
./img/img_train/0050.jpg,0
./img/img_train/000202_1.jpg,4
./img/img_train/000203_1.jpg,3
./img/img_train/000204_1.jpg,2
./img/img_train/000205_1.jpg,2
./img/img_train/000206_1.jpg,3
./img/img_train/000207_1.jpg,2
./img/img_train/000208_1.jpg,1
./img/img_train/000209_1.jpg,4
./img/img_train/000210_1.jpg,3
./img/img_train/000211_1.jpg,1
./img/img_train/000212_1.jpg,2
./img/img_train/000213_1.jpg,5
./img/img_train/000214_1.jpg,3
./img/img_train/000215_1.jpg,4
./img/img_train/000216_1.jpg,3
./img/img_train/000217_1.jpg,3
./img/img_train/000218_1.jpg,2
./img/img_train/000219_1.jpg,2
./img/img_train/000220_1.jpg,1
./img/img_train/000221_1.jpg,4
./img/img_train/000222_1.jpg,3
./img/img_train/000223_1.jpg,2
./img/img_train/000224_1.jpg,5
./img/img_train/000225_1.jpg,2
./img/img_train/000226_1.jpg,3
./img/img_train/000227_1.jpg,4
./img/img_train/000228_1.jpg,3
./img/img_train/000229_1.jpg,4
./img/img_train/000230_1.jpg,3
./img/img_train/000231_1.jpg,3
./img/img_train/000232_1.jpg,3
./img/img_train/000233_1.jpg,2
./img/img_train/000234_1.jpg,5
./img/img_train/000235_1.jpg,2
./img/img_train/000236_1.jpg,2
./img/img_train/000237_1.jpg,6
./img/img_train/000238_1.jpg,2
./img/img_train/000239_1.jpg,2
./img/img_train/000240_1.jpg,2
./img/img_train/000241_1.jpg,2
./img/img_train/000242_1.jpg,1
./img/img_train/000243_1.jpg,2
./img/img_train/000244_1.jpg,3
./img/img_train/000245_1.jpg,3
./img/img_train/000246_1.jpg,2
./img/img_train/000247_1.jpg,2
./img/img_train/000248_1.jpg,4
./img/img_train/000249_1.jpg,3
./img/img_train/000250_1.jpg,3
./img/img_train/000251_1.jpg,2
./img/img_train/000252_1.jpg,4
./img/img_train/000253_1.jpg,3
./img/img_train/000254_1.jpg,2
./img/img_train/000255_1.jpg,2
./img/img_train/000256_1.jpg,2
./img/img_train/000257_1.jpg,2
./img/img_train/000258_1.jpg,2
./img/img_train/000259_1.jpg,2
./img/img_train/000260_1.jpg,1
./img/img_train/000261_1.jpg,2
./img/img_train/000262_1.jpg,2
./img/img_train/000263_1.jpg,2
./img/img_train/000264_1.jpg,5
./img/img_train/000265_1.jpg,4
./img/img_train/000266_1.jpg,2
./img/img_train/000267_1.jpg,2
./img/img_train/000268_1.jpg,2
./img/img_train/000269_1.jpg,2
./img/img_train/000270_1.jpg,2
./img/img_train/000271_1.jpg,3
./img/img_train/000272_1.jpg,2
./img/img_train/000273_1.jpg,2
./img/img_train/000274_1.jpg,2
./img/img_train/000275_1.jpg,2
./img/img_train/000276_1.jpg,4
./img/img_train/000278_1.jpg,2
./img/img_train/000279_1.jpg,2
./img/img_train/000280_1.jpg,2
./img/img_train/000281_1.jpg,3
./img/img_train/000282_1.jpg,3
./img/img_train/000283_1.jpg,2
./img/img_train/000284_1.jpg,4
./img/img_train/000285_1.jpg,2
./img/img_train/000286_1.jpg,3
./img/img_train/000287_1.jpg,2
./img/img_train/000288_1.jpg,3
./img/img_train/000289_1.jpg,1
./img/img_train/000290_1.jpg,2
./img/img_train/000291_1.jpg,3
./img/img_train/000292_1.jpg,2
./img/img_train/000294_1.jpg,2
./img/img_train/000295_1.jpg,4
./img/img_train/000296_1.jpg,3
./img/img_train/000297_1.jpg,2
./img/img_train/000298_1.jpg,3
./img/img_train/000299_1.jpg,4
./img/img_train/000300_1.jpg,2
./img/img_train/000301_1.jpg,3
./img/img_train/000302_1.jpg,2
./img/img_train/000303_1.jpg,2
./img/img_train/000304_1.jpg,2
./img/img_train/000305_1.jpg,2
./img/img_train/000306_1.jpg,4
./img/img_train/000307_1.jpg,4
./img/img_train/000308_1.jpg,2
./img/img_train/000309_1.jpg,2
./img/img_train/000310_1.jpg,5
./img/img_train/000311_1.jpg,4
./img/img_train/000312_1.jpg,1
./img/img_train/000313_1.jpg,4
./img/img_train/000314_1.jpg,3
./img/img_train/000315_1.jpg,2
./img/img_train/000316_1.jpg,4
./img/img_train/000317_1.jpg,2
./img/img_train/000318_1.jpg,3
./img/img_train/000319_1.jpg,2
./img/img_train/000320_1.jpg,3
./img/img_train/000321_1.jpg,2
./img/img_train/000322_1.jpg,2
./img/img_train/000323_1.jpg,2
./img/img_train/000324_1.jpg,3
./img/img_train/000325_1.jpg,2
./img/img_train/000326_1.jpg,2
./img/img_train/000327_1.jpg,2
./img/img_train/000328_1.jpg,2
./img/img_train/000329_1.jpg,3
./img/img_train/000330_1.jpg,5
./img/img_train/000331_1.jpg,2
./img/img_train/000332_1.jpg,2
./img/img_train/000333_1.jpg,2
./img/img_train/000334_1.jpg,2
./img/img_train/000335_1.jpg,2
./img/img_train/000336_1.jpg,1
./img/img_train/000337_1.jpg,2
./img/img_train/000338_1.jpg,2
./img/img_train/000339_1.jpg,3
./img/img_train/000340_1.jpg,4
./img/img_train/000341_1.jpg,3
./img/img_train/000342_1.jpg,2
./img/img_train/000343_1.jpg,3
./img/img_train/000344_1.jpg,3
./img/img_train/000345_1.jpg,2
./img/img_train/000346_1.jpg,3
./img/img_train/000347_1.jpg,2
./img/img_train/000348_1.jpg,3
./img/img_train/000349_1.jpg,2
./img/img_train/000350_1.jpg,2
./img/img_train/000351_1.jpg,2
./img/img_train/000352_1.jpg,1
./img/img_train/000353_1.jpg,2
./img/img_train/000354_1.jpg,3
./img/img_train/000355_1.jpg,2
./img/img_train/000356_1.jpg,2
./img/img_train/000357_1.jpg,3
./img/img_train/000358_1.jpg,4
./img/img_train/000359_1.jpg,3
./img/img_train/000360_1.jpg,2
./img/img_train/000361_1.jpg,1
./img/img_train/000362_1.jpg,2
./img/img_train/000363_1.jpg,2
./img/img_train/000364_1.jpg,2
./img/img_train/000365_1.jpg,1
./img/img_train/000366_1.jpg,1
./img/img_train/000367_1.jpg,3
./img/img_train/000368_1.jpg,2
./img/img_train/000369_1.jpg,2
./img/img_train/000370_1.jpg,3
./img/img_train/000371_1.jpg,2
./img/img_train/000372_1.jpg,2
./img/img_train/000373_1.jpg,2
./img/img_train/000374_1.jpg,1
./img/img_train/000375_1.jpg,2
./img/img_train/000376_1.jpg,2
./img/img_train/000377_1.jpg,3
./img/img_train/000378_1.jpg,3
./img/img_train/000379_1.jpg,1
./img/img_train/000380_1.jpg,2
./img/img_train/000381_1.jpg,3
./img/img_train/000382_1.jpg,2
./img/img_train/000383_1.jpg,5
./img/img_train/000384_1.jpg,1
./img/img_train/000385_1.jpg,2
./img/img_train/000386_1.jpg,4
./img/img_train/000387_1.jpg,1
./img/img_train/000388_1.jpg,2
./img/img_train/000389_1.jpg,3
./img/img_train/000390_1.jpg,4
./img/img_train/000391_1.jpg,2
./img/img_train/000392_1.jpg,1
./img/img_train/000393_1.jpg,3
./img/img_train/000394_1.jpg,2
./img/img_train/000395_1.jpg,2
./img/img_train/000396_1.jpg,3
./img/img_train/000397_1.jpg,2
./img/img_train/000398_1.jpg,2
./img/img_train/000399_1.jpg,2
./img/img_train/000400_1.jpg,2
./img/img_train/000401_1.jpg,2
./img/img_train/000402_1.jpg,4
./img/img_train/000403_1.jpg,2
./img/img_train/000404_1.jpg,2
./img/img_train/000405_1.jpg,2
./img/img_train/000406_1.jpg,1
./img/img_train/000407_1.jpg,2
./img/img_train/000408_1.jpg,3
./img/img_train/000409_1.jpg,3
./img/img_train/000410_1.jpg,2
./img/img_train/000411_1.jpg,2
./img/img_train/000412_1.jpg,1
./img/img_train/000413_1.jpg,4
./img/img_train/000414_1.jpg,3
./img/img_train/000415_1.jpg,1
./img/img_train/000416_1.jpg,2
./img/img_train/000417_1.jpg,4
./img/img_train/000418_1.jpg,3
./img/img_train/000419_1.jpg,3
./img/img_train/000420_1.jpg,3
./img/img_train/000421_1.jpg,2
./img/img_train/000422_1.jpg,1
./img/img_train/000423_1.jpg,2
./img/img_train/000424_1.jpg,3
./img/img_train/000425_1.jpg,3
./img/img_train/000426_1.jpg,2
./img/img_train/000427_1.jpg,2
./img/img_train/000428_1.jpg,2
./img/img_train/000429_1.jpg,2
./img/img_train/000430_1.jpg,2
./img/img_train/000431_1.jpg,3
./img/img_train/000432_1.jpg,2
./img/img_train/000433_1.jpg,3
./img/img_train/000434_1.jpg,2
./img/img_train/000435_1.jpg,2
./img/img_train/000436_1.jpg,2
./img/img_train/000437_1.jpg,3
./img/img_train/000438_1.jpg,3
./img/img_train/000439_1.jpg,2
./img/img_train/000440_1.jpg,3
./img/img_train/000441_1.jpg,2
./img/img_train/000442_1.jpg,2
./img/img_train/000443_1.jpg,2
./img/img_train/000444_1.jpg,4
./img/img_train/003000_1.jpg,1
./img/img_train/003001_1.jpg,1
./img/img_train/003002_1.jpg,1
./img/img_train/003003_1.jpg,1
./img/img_train/003004_1.jpg,1
./img/img_train/003005_1.jpg,1
./img/img_train/003006_1.jpg,1
./img/img_train/003007_1.jpg,1
./img/img_train/003008_1.jpg,1
./img/img_train/003009_1.jpg,1
./img/img_train/003010_1.jpg,1
./img/img_train/003011_1.jpg,1
./img/img_train/003012_1.jpg,1
./img/img_train/003013_1.jpg,1
./img/img_train/003014_1.jpg,1
./img/img_train/003015_1.jpg,1
./img/img_train/003016_1.jpg,1
./img/img_train/003017_1.jpg,1
./img/img_train/003018_1.jpg,1
./img/img_train/003019_1.jpg,1
./img/img_train/003020_1.jpg,1
./img/img_train/003021_1.jpg,1
./img/img_train/003022_1.jpg,1
./img/img_train/003023_1.jpg,1
./img/img_train/003024_1.jpg,1
./img/img_train/003025_1.jpg,1
./img/img_train/003026_1.jpg,1
./img/img_train/003027_1.jpg,1
./img/img_train/003028_1.jpg,1
./img/img_train/003029_1.jpg,1
./img/img_train/003030_1.jpg,1
./img/img_train/003031_1.jpg,1
./img/img_train/003032_1.jpg,1
./img/img_train/003033_1.jpg,1
./img/img_train/003034_1.jpg,1
./img/img_train/003035_1.jpg,1
./img/img_train/60408_1.jpg,1
./img/img_train/0001_1.jpg,0
./img/img_train/0002_1.jpg,0
./img/img_train/0003_1.jpg,0
./img/img_train/0004_1.jpg,0
./img/img_train/0005_1.jpg,0
./img/img_train/0006_1.jpg,0
./img/img_train/0007_1.jpg,0
./img/img_train/0008_1.jpg,0
./img/img_train/0009_1.jpg,0
./img/img_train/0010_1.jpg,0
./img/img_train/0011_1.jpg,0
./img/img_train/0012_1.jpg,0
./img/img_train/0013_1.jpg,0
./img/img_train/0014_1.jpg,0
./img/img_train/0015_1.jpg,0
./img/img_train/0016_1.jpg,0
./img/img_train/0017_1.jpg,0
./img/img_train/0018_1.jpg,0
./img/img_train/0019_1.jpg,0
./img/img_train/0020_1.jpg,0
./img/img_train/0021_1.jpg,0
./img/img_train/0022_1.jpg,0
./img/img_train/0023_1.jpg,0
./img/img_train/0024_1.jpg,0
./img/img_train/0025_1.jpg,0
./img/img_train/0026_1.jpg,0
./img/img_train/0027_1.jpg,0
./img/img_train/0028_1.jpg,0
./img/img_train/0029_1.jpg,0
./img/img_train/0030_1.jpg,0
./img/img_train/0031_1.jpg,0
./img/img_train/0032_1.jpg,0
./img/img_train/0033_1.jpg,0
./img/img_train/0034_1.jpg,0
./img/img_train/0035_1.jpg,0
./img/img_train/0036_1.jpg,0
./img/img_train/0037_1.jpg,0
./img/img_train/0038_1.jpg,0
./img/img_train/0039_1.jpg,0
./img/img_train/0040_1.jpg,0
./img/img_train/0041_1.jpg,0
./img/img_train/0042_1.jpg,0
./img/img_train/0043_1.jpg,0
./img/img_train/0044_1.jpg,0
./img/img_train/0045_1.jpg,0
./img/img_train/0046_1.jpg,0
./img/img_train/0047_1.jpg,0
./img/img_train/0048_1.jpg,0
./img/img_train/0049_1.jpg,0
./img/img_train/0050_1.jpg,0
./img/img_train/000202_2.jpg,4
./img/img_train/000203_2.jpg,3
./img/img_train/000204_2.jpg,2
./img/img_train/000205_2.jpg,2
./img/img_train/000206_2.jpg,3
./img/img_train/000207_2.jpg,2
./img/img_train/000208_2.jpg,1
./img/img_train/000209_2.jpg,4
./img/img_train/000210_2.jpg,3
./img/img_train/000211_2.jpg,1
./img/img_train/000212_2.jpg,2
./img/img_train/000213_2.jpg,5
./img/img_train/000214_2.jpg,3
./img/img_train/000215_2.jpg,4
./img/img_train/000216_2.jpg,3
./img/img_train/000217_2.jpg,3
./img/img_train/000218_2.jpg,2
./img/img_train/000219_2.jpg,2
./img/img_train/000220_2.jpg,1
./img/img_train/000221_2.jpg,4
./img/img_train/000222_2.jpg,3
./img/img_train/000223_2.jpg,2
./img/img_train/000224_2.jpg,5
./img/img_train/000225_2.jpg,2
./img/img_train/000226_2.jpg,3
./img/img_train/000227_2.jpg,4
./img/img_train/000228_2.jpg,3
./img/img_train/000229_2.jpg,4
./img/img_train/000230_2.jpg,3
./img/img_train/000231_2.jpg,3
./img/img_train/000232_2.jpg,3
./img/img_train/000233_2.jpg,2
./img/img_train/000234_2.jpg,5
./img/img_train/000235_2.jpg,2
./img/img_train/000236_2.jpg,2
./img/img_train/000237_2.jpg,6
./img/img_train/000238_2.jpg,2
./img/img_train/000239_2.jpg,2
./img/img_train/000240_2.jpg,2
./img/img_train/000241_2.jpg,2
./img/img_train/000242_2.jpg,1
./img/img_train/000243_2.jpg,2
./img/img_train/000244_2.jpg,3
./img/img_train/000245_2.jpg,3
./img/img_train/000246_2.jpg,2
./img/img_train/000247_2.jpg,2
./img/img_train/000248_2.jpg,4
./img/img_train/000249_2.jpg,3
./img/img_train/000250_2.jpg,3
./img/img_train/000251_2.jpg,2
./img/img_train/000252_2.jpg,4
./img/img_train/000253_2.jpg,3
./img/img_train/000254_2.jpg,2
./img/img_train/000255_2.jpg,2
./img/img_train/000256_2.jpg,2
./img/img_train/000257_2.jpg,2
./img/img_train/000258_2.jpg,2
./img/img_train/000259_2.jpg,2
./img/img_train/000260_2.jpg,1
./img/img_train/000261_2.jpg,2
./img/img_train/000262_2.jpg,2
./img/img_train/000263_2.jpg,2
./img/img_train/000264_2.jpg,5
./img/img_train/000265_2.jpg,4
./img/img_train/000266_2.jpg,2
./img/img_train/000267_2.jpg,2
./img/img_train/000268_2.jpg,2
./img/img_train/000269_2.jpg,2
./img/img_train/000270_2.jpg,2
./img/img_train/000271_2.jpg,3
./img/img_train/000272_2.jpg,2
./img/img_train/000273_2.jpg,2
./img/img_train/000274_2.jpg,2
./img/img_train/000275_2.jpg,2
./img/img_train/000276_2.jpg,4
./img/img_train/000278_2.jpg,2
./img/img_train/000279_2.jpg,2
./img/img_train/000280_2.jpg,2
./img/img_train/000281_2.jpg,3
./img/img_train/000282_2.jpg,3
./img/img_train/000283_2.jpg,2
./img/img_train/000284_2.jpg,4
./img/img_train/000285_2.jpg,2
./img/img_train/000286_2.jpg,3
./img/img_train/000287_2.jpg,2
./img/img_train/000288_2.jpg,3
./img/img_train/000289_2.jpg,1
./img/img_train/000290_2.jpg,2
./img/img_train/000291_2.jpg,3
./img/img_train/000292_2.jpg,2
./img/img_train/000294_2.jpg,2
./img/img_train/000295_2.jpg,4
./img/img_train/000296_2.jpg,3
./img/img_train/000297_2.jpg,2
./img/img_train/000298_2.jpg,3
./img/img_train/000299_2.jpg,4
./img/img_train/000300_2.jpg,2
./img/img_train/000301_2.jpg,3
./img/img_train/000302_2.jpg,2
./img/img_train/000303_2.jpg,2
./img/img_train/000304_2.jpg,2
./img/img_train/000305_2.jpg,2
./img/img_train/000306_2.jpg,4
./img/img_train/000307_2.jpg,4
./img/img_train/000308_2.jpg,2
./img/img_train/000309_2.jpg,2
./img/img_train/000310_2.jpg,5
./img/img_train/000311_2.jpg,4
./img/img_train/000312_2.jpg,1
./img/img_train/000313_2.jpg,4
./img/img_train/000314_2.jpg,3
./img/img_train/000315_2.jpg,2
./img/img_train/000316_2.jpg,4
./img/img_train/000317_2.jpg,2
./img/img_train/000318_2.jpg,3
./img/img_train/000319_2.jpg,2
./img/img_train/000320_2.jpg,3
./img/img_train/000321_2.jpg,2
./img/img_train/000322_2.jpg,2
./img/img_train/000323_2.jpg,2
./img/img_train/000324_2.jpg,3
./img/img_train/000325_2.jpg,2
./img/img_train/000326_2.jpg,2
./img/img_train/000327_2.jpg,2
./img/img_train/000328_2.jpg,2
./img/img_train/000329_2.jpg,3
./img/img_train/000330_2.jpg,5
./img/img_train/000331_2.jpg,2
./img/img_train/000332_2.jpg,2
./img/img_train/000333_2.jpg,2
./img/img_train/000334_2.jpg,2
./img/img_train/000335_2.jpg,2
./img/img_train/000336_2.jpg,1
./img/img_train/000337_2.jpg,2
./img/img_train/000338_2.jpg,2
./img/img_train/000339_2.jpg,3
./img/img_train/000340_2.jpg,4
./img/img_train/000341_2.jpg,3
./img/img_train/000342_2.jpg,2
./img/img_train/000343_2.jpg,3
./img/img_train/000344_2.jpg,3
./img/img_train/000345_2.jpg,2
./img/img_train/000346_2.jpg,3
./img/img_train/000347_2.jpg,2
./img/img_train/000348_2.jpg,3
./img/img_train/000349_2.jpg,2
./img/img_train/000350_2.jpg,2
./img/img_train/000351_2.jpg,2
./img/img_train/000352_2.jpg,1
./img/img_train/000353_2.jpg,2
./img/img_train/000354_2.jpg,3
./img/img_train/000355_2.jpg,2
./img/img_train/000356_2.jpg,2
./img/img_train/000357_2.jpg,3
./img/img_train/000358_2.jpg,4
./img/img_train/000359_2.jpg,3
./img/img_train/000360_2.jpg,2
./img/img_train/000361_2.jpg,1
./img/img_train/000362_2.jpg,2
./img/img_train/000363_2.jpg,2
./img/img_train/000364_2.jpg,2
./img/img_train/000365_2.jpg,1
./img/img_train/000366_2.jpg,1
./img/img_train/000367_2.jpg,3
./img/img_train/000368_2.jpg,2
./img/img_train/000369_2.jpg,2
./img/img_train/000370_2.jpg,3
./img/img_train/000371_2.jpg,2
./img/img_train/000372_2.jpg,2
./img/img_train/000373_2.jpg,2
./img/img_train/000374_2.jpg,1
./img/img_train/000375_2.jpg,2
./img/img_train/000376_2.jpg,2
./img/img_train/000377_2.jpg,3
./img/img_train/000378_2.jpg,3
./img/img_train/000379_2.jpg,1
./img/img_train/000380_2.jpg,2
./img/img_train/000381_2.jpg,3
./img/img_train/000382_2.jpg,2
./img/img_train/000383_2.jpg,5
./img/img_train/000384_2.jpg,1
./img/img_train/000385_2.jpg,2
./img/img_train/000386_2.jpg,4
./img/img_train/000387_2.jpg,1
./img/img_train/000388_2.jpg,2
./img/img_train/000389_2.jpg,3
./img/img_train/000390_2.jpg,4
./img/img_train/000391_2.jpg,2
./img/img_train/000392_2.jpg,1
./img/img_train/000393_2.jpg,3
./img/img_train/000394_2.jpg,2
./img/img_train/000395_2.jpg,2
./img/img_train/000396_2.jpg,3
./img/img_train/000397_2.jpg,2
./img/img_train/000398_2.jpg,2
./img/img_train/000399_2.jpg,2
./img/img_train/000400_2.jpg,2
./img/img_train/000401_2.jpg,2
./img/img_train/000402_2.jpg,4
./img/img_train/000403_2.jpg,2
./img/img_train/000404_2.jpg,2
./img/img_train/000405_2.jpg,2
./img/img_train/000406_2.jpg,1
./img/img_train/000407_2.jpg,2
./img/img_train/000408_2.jpg,3
./img/img_train/000409_2.jpg,3
./img/img_train/000410_2.jpg,2
./img/img_train/000411_2.jpg,2
./img/img_train/000412_2.jpg,1
./img/img_train/000413_2.jpg,4
./img/img_train/000414_2.jpg,3
./img/img_train/000415_2.jpg,1
./img/img_train/000416_2.jpg,2
./img/img_train/000417_2.jpg,4
./img/img_train/000418_2.jpg,3
./img/img_train/000419_2.jpg,3
./img/img_train/000420_2.jpg,3
./img/img_train/000421_2.jpg,2
./img/img_train/000422_2.jpg,1
./img/img_train/000423_2.jpg,2
./img/img_train/000424_2.jpg,3
./img/img_train/000425_2.jpg,3
./img/img_train/000426_2.jpg,2
./img/img_train/000427_2.jpg,2
./img/img_train/000428_2.jpg,2
./img/img_train/000429_2.jpg,2
./img/img_train/000430_2.jpg,2
./img/img_train/000431_2.jpg,3
./img/img_train/000432_2.jpg,2
./img/img_train/000433_2.jpg,3
./img/img_train/000434_2.jpg,2
./img/img_train/000435_2.jpg,2
./img/img_train/000436_2.jpg,2
./img/img_train/000437_2.jpg,3
./img/img_train/000438_2.jpg,3
./img/img_train/000439_2.jpg,2
./img/img_train/000440_2.jpg,3
./img/img_train/000441_2.jpg,2
./img/img_train/000442_2.jpg,2
./img/img_train/000443_2.jpg,2
./img/img_train/000444_2.jpg,4
./img/img_train/003000_2.jpg,1
./img/img_train/003001_2.jpg,1
./img/img_train/003002_2.jpg,1
./img/img_train/003003_2.jpg,1
./img/img_train/003004_2.jpg,1
./img/img_train/003005_2.jpg,1
./img/img_train/003006_2.jpg,1
./img/img_train/003007_2.jpg,1
./img/img_train/003008_2.jpg,1
./img/img_train/003009_2.jpg,1
./img/img_train/003010_2.jpg,1
./img/img_train/003011_2.jpg,1
./img/img_train/003012_2.jpg,1
./img/img_train/003013_2.jpg,1
./img/img_train/003014_2.jpg,1
./img/img_train/003015_2.jpg,1
./img/img_train/003016_2.jpg,1
./img/img_train/003017_2.jpg,1
./img/img_train/003018_2.jpg,1
./img/img_train/003019_2.jpg,1
./img/img_train/003020_2.jpg,1
./img/img_train/003021_2.jpg,1
./img/img_train/003022_2.jpg,1
./img/img_train/003023_2.jpg,1
./img/img_train/003024_2.jpg,1
./img/img_train/003025_2.jpg,1
./img/img_train/003026_2.jpg,1
./img/img_train/003027_2.jpg,1
./img/img_train/003028_2.jpg,1
./img/img_train/003029_2.jpg,1
./img/img_train/003030_2.jpg,1
./img/img_train/003031_2.jpg,1
./img/img_train/003032_2.jpg,1
./img/img_train/003033_2.jpg,1
./img/img_train/003034_2.jpg,1
./img/img_train/003035_2.jpg,1
./img/img_train/60408_2.jpg,1
./img/img_train/0001_2.jpg,0
./img/img_train/0002_2.jpg,0
./img/img_train/0003_2.jpg,0
./img/img_train/0004_2.jpg,0
./img/img_train/0005_2.jpg,0
./img/img_train/0006_2.jpg,0
./img/img_train/0007_2.jpg,0
./img/img_train/0008_2.jpg,0
./img/img_train/0009_2.jpg,0
./img/img_train/0010_2.jpg,0
./img/img_train/0011_2.jpg,0
./img/img_train/0012_2.jpg,0
./img/img_train/0013_2.jpg,0
./img/img_train/0014_2.jpg,0
./img/img_train/0015_2.jpg,0
./img/img_train/0016_2.jpg,0
./img/img_train/0017_2.jpg,0
./img/img_train/0018_2.jpg,0
./img/img_train/0019_2.jpg,0
./img/img_train/0020_2.jpg,0
./img/img_train/0021_2.jpg,0
./img/img_train/0022_2.jpg,0
./img/img_train/0023_2.jpg,0
./img/img_train/0024_2.jpg,0
./img/img_train/0025_2.jpg,0
./img/img_train/0026_2.jpg,0
./img/img_train/0027_2.jpg,0
./img/img_train/0028_2.jpg,0
./img/img_train/0029_2.jpg,0
./img/img_train/0030_2.jpg,0
./img/img_train/0031_2.jpg,0
./img/img_train/0032_2.jpg,0
./img/img_train/0033_2.jpg,0
./img/img_train/0034_2.jpg,0
./img/img_train/0035_2.jpg,0
./img/img_train/0036_2.jpg,0
./img/img_train/0037_2.jpg,0
./img/img_train/0038_2.jpg,0
./img/img_train/0039_2.jpg,0
./img/img_train/0040_2.jpg,0
./img/img_train/0041_2.jpg,0
./img/img_train/0042_2.jpg,0
./img/img_train/0043_2.jpg,0
./img/img_train/0044_2.jpg,0
./img/img_train/0045_2.jpg,0
./img/img_train/0046_2.jpg,0
./img/img_train/0047_2.jpg,0
./img/img_train/0048_2.jpg,0
./img/img_train/0049_2.jpg,0
./img/img_train/0050_2.jpg,0
./img/img_train/000202_3.jpg,4
./img/img_train/000203_3.jpg,3
./img/img_train/000204_3.jpg,2
./img/img_train/000205_3.jpg,2
./img/img_train/000206_3.jpg,3
./img/img_train/000207_3.jpg,2
./img/img_train/000208_3.jpg,1
./img/img_train/000209_3.jpg,4
./img/img_train/000210_3.jpg,3
./img/img_train/000211_3.jpg,1
./img/img_train/000212_3.jpg,2
./img/img_train/000213_3.jpg,5
./img/img_train/000214_3.jpg,3
./img/img_train/000215_3.jpg,4
./img/img_train/000216_3.jpg,3
./img/img_train/000217_3.jpg,3
./img/img_train/000218_3.jpg,2
./img/img_train/000219_3.jpg,2
./img/img_train/000220_3.jpg,1
./img/img_train/000221_3.jpg,4
./img/img_train/000222_3.jpg,3
./img/img_train/000223_3.jpg,2
./img/img_train/000224_3.jpg,5
./img/img_train/000225_3.jpg,2
./img/img_train/000226_3.jpg,3
./img/img_train/000227_3.jpg,4
./img/img_train/000228_3.jpg,3
./img/img_train/000229_3.jpg,4
./img/img_train/000230_3.jpg,3
./img/img_train/000231_3.jpg,3
./img/img_train/000232_3.jpg,3
./img/img_train/000233_3.jpg,2
./img/img_train/000234_3.jpg,5
./img/img_train/000235_3.jpg,2
./img/img_train/000236_3.jpg,2
./img/img_train/000237_3.jpg,6
./img/img_train/000238_3.jpg,2
./img/img_train/000239_3.jpg,2
./img/img_train/000240_3.jpg,2
./img/img_train/000241_3.jpg,2
./img/img_train/000242_3.jpg,1
./img/img_train/000243_3.jpg,2
./img/img_train/000244_3.jpg,3
./img/img_train/000245_3.jpg,3
./img/img_train/000246_3.jpg,2
./img/img_train/000247_3.jpg,2
./img/img_train/000248_3.jpg,4
./img/img_train/000249_3.jpg,3
./img/img_train/000250_3.jpg,3
./img/img_train/000251_3.jpg,2
./img/img_train/000252_3.jpg,4
./img/img_train/000253_3.jpg,3
./img/img_train/000254_3.jpg,2
./img/img_train/000255_3.jpg,2
./img/img_train/000256_3.jpg,2
./img/img_train/000257_3.jpg,2
./img/img_train/000258_3.jpg,2
./img/img_train/000259_3.jpg,2
./img/img_train/000260_3.jpg,1
./img/img_train/000261_3.jpg,2
./img/img_train/000262_3.jpg,2
./img/img_train/000263_3.jpg,2
./img/img_train/000264_3.jpg,5
./img/img_train/000265_3.jpg,4
./img/img_train/000266_3.jpg,2
./img/img_train/000267_3.jpg,2
./img/img_train/000268_3.jpg,2
./img/img_train/000269_3.jpg,2
./img/img_train/000270_3.jpg,2
./img/img_train/000271_3.jpg,3
./img/img_train/000272_3.jpg,2
./img/img_train/000273_3.jpg,2
./img/img_train/000274_3.jpg,2
./img/img_train/000275_3.jpg,2
./img/img_train/000276_3.jpg,4
./img/img_train/000278_3.jpg,2
./img/img_train/000279_3.jpg,2
./img/img_train/000280_3.jpg,2
./img/img_train/000281_3.jpg,3
./img/img_train/000282_3.jpg,3
./img/img_train/000283_3.jpg,2
./img/img_train/000284_3.jpg,4
./img/img_train/000285_3.jpg,2
./img/img_train/000286_3.jpg,3
./img/img_train/000287_3.jpg,2
./img/img_train/000288_3.jpg,3
./img/img_train/000289_3.jpg,1
./img/img_train/000290_3.jpg,2
./img/img_train/000291_3.jpg,3
./img/img_train/000292_3.jpg,2
./img/img_train/000294_3.jpg,2
./img/img_train/000295_3.jpg,4
./img/img_train/000296_3.jpg,3
./img/img_train/000297_3.jpg,2
./img/img_train/000298_3.jpg,3
./img/img_train/000299_3.jpg,4
./img/img_train/000300_3.jpg,2
./img/img_train/000301_3.jpg,3
./img/img_train/000302_3.jpg,2
./img/img_train/000303_3.jpg,2
./img/img_train/000304_3.jpg,2
./img/img_train/000305_3.jpg,2
./img/img_train/000306_3.jpg,4
./img/img_train/000307_3.jpg,4
./img/img_train/000308_3.jpg,2
./img/img_train/000309_3.jpg,2
./img/img_train/000310_3.jpg,5
./img/img_train/000311_3.jpg,4
./img/img_train/000312_3.jpg,1
./img/img_train/000313_3.jpg,4
./img/img_train/000314_3.jpg,3
./img/img_train/000315_3.jpg,2
./img/img_train/000316_3.jpg,4
./img/img_train/000317_3.jpg,2
./img/img_train/000318_3.jpg,3
./img/img_train/000319_3.jpg,2
./img/img_train/000320_3.jpg,3
./img/img_train/000321_3.jpg,2
./img/img_train/000322_3.jpg,2
./img/img_train/000323_3.jpg,2
./img/img_train/000324_3.jpg,3
./img/img_train/000325_3.jpg,2
./img/img_train/000326_3.jpg,2
./img/img_train/000327_3.jpg,2
./img/img_train/000328_3.jpg,2
./img/img_train/000329_3.jpg,3
./img/img_train/000330_3.jpg,5
./img/img_train/000331_3.jpg,2
./img/img_train/000332_3.jpg,2
./img/img_train/000333_3.jpg,2
./img/img_train/000334_3.jpg,2
./img/img_train/000335_3.jpg,2
./img/img_train/000336_3.jpg,1
./img/img_train/000337_3.jpg,2
./img/img_train/000338_3.jpg,2
./img/img_train/000339_3.jpg,3
./img/img_train/000340_3.jpg,4
./img/img_train/000341_3.jpg,3
./img/img_train/000342_3.jpg,2
./img/img_train/000343_3.jpg,3
./img/img_train/000344_3.jpg,3
./img/img_train/000345_3.jpg,2
./img/img_train/000346_3.jpg,3
./img/img_train/000347_3.jpg,2
./img/img_train/000348_3.jpg,3
./img/img_train/000349_3.jpg,2
./img/img_train/000350_3.jpg,2
./img/img_train/000351_3.jpg,2
./img/img_train/000352_3.jpg,1
./img/img_train/000353_3.jpg,2
./img/img_train/000354_3.jpg,3
./img/img_train/000355_3.jpg,2
./img/img_train/000356_3.jpg,2
./img/img_train/000357_3.jpg,3
./img/img_train/000358_3.jpg,4
./img/img_train/000359_3.jpg,3
./img/img_train/000360_3.jpg,2
./img/img_train/000361_3.jpg,1
./img/img_train/000362_3.jpg,2
./img/img_train/000363_3.jpg,2
./img/img_train/000364_3.jpg,2
./img/img_train/000365_3.jpg,1
./img/img_train/000366_3.jpg,1
./img/img_train/000367_3.jpg,3
./img/img_train/000368_3.jpg,2
./img/img_train/000369_3.jpg,2
./img/img_train/000370_3.jpg,3
./img/img_train/000371_3.jpg,2
./img/img_train/000372_3.jpg,2
./img/img_train/000373_3.jpg,2
./img/img_train/000374_3.jpg,1
./img/img_train/000375_3.jpg,2
./img/img_train/000376_3.jpg,2
./img/img_train/000377_3.jpg,3
./img/img_train/000378_3.jpg,3
./img/img_train/000379_3.jpg,1
./img/img_train/000380_3.jpg,2
./img/img_train/000381_3.jpg,3
./img/img_train/000382_3.jpg,2
./img/img_train/000383_3.jpg,5
./img/img_train/000384_3.jpg,1
./img/img_train/000385_3.jpg,2
./img/img_train/000386_3.jpg,4
./img/img_train/000387_3.jpg,1
./img/img_train/000388_3.jpg,2
./img/img_train/000389_3.jpg,3
./img/img_train/000390_3.jpg,4
./img/img_train/000391_3.jpg,2
./img/img_train/000392_3.jpg,1
./img/img_train/000393_3.jpg,3
./img/img_train/000394_3.jpg,2
./img/img_train/000395_3.jpg,2
./img/img_train/000396_3.jpg,3
./img/img_train/000397_3.jpg,2
./img/img_train/000398_3.jpg,2
./img/img_train/000399_3.jpg,2
./img/img_train/000400_3.jpg,2
./img/img_train/000401_3.jpg,2
./img/img_train/000402_3.jpg,4
./img/img_train/000403_3.jpg,2
./img/img_train/000404_3.jpg,2
./img/img_train/000405_3.jpg,2
./img/img_train/000406_3.jpg,1
./img/img_train/000407_3.jpg,2
./img/img_train/000408_3.jpg,3
./img/img_train/000409_3.jpg,3
./img/img_train/000410_3.jpg,2
./img/img_train/000411_3.jpg,2
./img/img_train/000412_3.jpg,1
./img/img_train/000413_3.jpg,4
./img/img_train/000414_3.jpg,3
./img/img_train/000415_3.jpg,1
./img/img_train/000416_3.jpg,2
./img/img_train/000417_3.jpg,4
./img/img_train/000418_3.jpg,3
./img/img_train/000419_3.jpg,3
./img/img_train/000420_3.jpg,3
./img/img_train/000421_3.jpg,2
./img/img_train/000422_3.jpg,1
./img/img_train/000423_3.jpg,2
./img/img_train/000424_3.jpg,3
./img/img_train/000425_3.jpg,3
./img/img_train/000426_3.jpg,2
./img/img_train/000427_3.jpg,2
./img/img_train/000428_3.jpg,2
./img/img_train/000429_3.jpg,2
./img/img_train/000430_3.jpg,2
./img/img_train/000431_3.jpg,3
./img/img_train/000432_3.jpg,2
./img/img_train/000433_3.jpg,3
./img/img_train/000434_3.jpg,2
./img/img_train/000435_3.jpg,2
./img/img_train/000436_3.jpg,2
./img/img_train/000437_3.jpg,3
./img/img_train/000438_3.jpg,3
./img/img_train/000439_3.jpg,2
./img/img_train/000440_3.jpg,3
./img/img_train/000441_3.jpg,2
./img/img_train/000442_3.jpg,2
./img/img_train/000443_3.jpg,2
./img/img_train/000444_3.jpg,4
./img/img_train/003000_3.jpg,1
./img/img_train/003001_3.jpg,1
./img/img_train/003002_3.jpg,1
./img/img_train/003003_3.jpg,1
./img/img_train/003004_3.jpg,1
./img/img_train/003005_3.jpg,1
./img/img_train/003006_3.jpg,1
./img/img_train/003007_3.jpg,1
./img/img_train/003008_3.jpg,1
./img/img_train/003009_3.jpg,1
./img/img_train/003010_3.jpg,1
./img/img_train/003011_3.jpg,1
./img/img_train/003012_3.jpg,1
./img/img_train/003013_3.jpg,1
./img/img_train/003014_3.jpg,1
./img/img_train/003015_3.jpg,1
./img/img_train/003016_3.jpg,1
./img/img_train/003017_3.jpg,1
./img/img_train/003018_3.jpg,1
./img/img_train/003019_3.jpg,1
./img/img_train/003020_3.jpg,1
./img/img_train/003021_3.jpg,1
./img/img_train/003022_3.jpg,1
./img/img_train/003023_3.jpg,1
./img/img_train/003024_3.jpg,1
./img/img_train/003025_3.jpg,1
./img/img_train/003026_3.jpg,1
./img/img_train/003027_3.jpg,1
./img/img_train/003028_3.jpg,1
./img/img_train/003029_3.jpg,1
./img/img_train/003030_3.jpg,1
./img/img_train/003031_3.jpg,1
./img/img_train/003032_3.jpg,1
./img/img_train/003033_3.jpg,1
./img/img_train/003034_3.jpg,1
./img/img_train/003035_3.jpg,1
./img/img_train/60408_3.jpg,1
./img/img_train/0001_3.jpg,0
./img/img_train/0002_3.jpg,0
./img/img_train/0003_3.jpg,0
./img/img_train/0004_3.jpg,0
./img/img_train/0005_3.jpg,0
./img/img_train/0006_3.jpg,0
./img/img_train/0007_3.jpg,0
./img/img_train/0008_3.jpg,0
./img/img_train/0009_3.jpg,0
./img/img_train/0010_3.jpg,0
./img/img_train/0011_3.jpg,0
./img/img_train/0012_3.jpg,0
./img/img_train/0013_3.jpg,0
./img/img_train/0014_3.jpg,0
./img/img_train/0015_3.jpg,0
./img/img_train/0016_3.jpg,0
./img/img_train/0017_3.jpg,0
./img/img_train/0018_3.jpg,0
./img/img_train/0019_3.jpg,0
./img/img_train/0020_3.jpg,0
./img/img_train/0021_3.jpg,0
./img/img_train/0022_3.jpg,0
./img/img_train/0023_3.jpg,0
./img/img_train/0024_3.jpg,0
./img/img_train/0025_3.jpg,0
./img/img_train/0026_3.jpg,0
./img/img_train/0027_3.jpg,0
./img/img_train/0028_3.jpg,0
./img/img_train/0029_3.jpg,0
./img/img_train/0030_3.jpg,0
./img/img_train/0031_3.jpg,0
./img/img_train/0032_3.jpg,0
./img/img_train/0033_3.jpg,0
./img/img_train/0034_3.jpg,0
./img/img_train/0035_3.jpg,0
./img/img_train/0036_3.jpg,0
./img/img_train/0037_3.jpg,0
./img/img_train/0038_3.jpg,0
./img/img_train/0039_3.jpg,0
./img/img_train/0040_3.jpg,0
./img/img_train/0041_3.jpg,0
./img/img_train/0042_3.jpg,0
./img/img_train/0043_3.jpg,0
./img/img_train/0044_3.jpg,0
./img/img_train/0045_3.jpg,0
./img/img_train/0046_3.jpg,0
./img/img_train/0047_3.jpg,0
./img/img_train/0048_3.jpg,0
./img/img_train/0049_3.jpg,0
./img/img_train/0050_3.jpg,0
